{"type": "FeatureCollection", "features": [{"type": "Feature", "properties": {"name": "Florești Central"}, "geometry": {"type": "Polygon", "coordinates": [[[28.355359207513647, 47.88809973854022], [28.35548745080333, 47.887432557497085], [28.35505753429482, 47.8872662216526], [28.35473101674988, 47.88768516909322], [28.354899588538206, 47.88644799326364], [28.354114538398328, 47.887154698365784], [28.354097793225435, 47.88725790110198], [28.354079514311184, 47.88736309548876], [28.35406394937599, 47.8874480310893], [28.354044636456077, 47.8875476841084], [28.354217677506636, 47.88613499016182], [28.35346396479012, 47.88677499975465], [28.353426094106222, 47.88702623062249], [28.353409545033, 47.88712950078926], [28.353398482037953, 47.88719428662026], [28.353382767525332, 47.88728234656163], [28.35337031329499, 47.88734868328328], [28.35335671554347, 47.887418155625106], [28.353528229070367, 47.885817533501786], [28.352814995126888, 47.88638379505131], [28.352726327740342, 47.88697006005847], [28.352713249801706, 47.8870488770907], [28.352698399567522, 47.887133280519], [28.352683798621644, 47.887211829629734], [28.35267104628362, 47.887276997964086], [28.352828213337943, 47.885494040174066], [28.35216776905351, 47.88598101447023], [28.352038009418592, 47.88684135075823], [28.352025750369226, 47.88691628398256], [28.352010738548287, 47.88700221838915], [28.351996808415244, 47.8870774517759], [28.35198427885425, 47.887141511502165], [28.352114048054364, 47.88516267776634], [28.35152069580448, 47.88557721907649], [28.35134862455686, 47.88671912252613], [28.35133606023912, 47.88679655046109], [28.351322210610792, 47.88687597149625], [28.351309131877493, 47.886946681062724], [28.351297563276148, 47.88700575862642], [28.35138037150842, 47.88482338476753], [28.350873622451154, 47.88517342375478], [28.35065754141193, 47.886607682597734], [28.350646418172662, 47.88667651467047], [28.35063314102637, 47.88675275174205], [28.350621046398338, 47.88681806160775], [28.3506108676107, 47.886869902571135], [28.350729503444825, 47.88569754147656], [28.3506225202169, 47.88449610996842], [28.350223988121108, 47.88476769670677], [28.349967095499846, 47.88649205815505], [28.349956392099738, 47.88655875070734], [28.34994453870838, 47.88662690488585], [28.349933444874438, 47.886686897038096], [28.34992417014647, 47.886734055421115], [28.350026383580445, 47.88545978949576], [28.349834137724756, 47.88418611744004], [28.34955750494052, 47.8843512940696], [28.349514043218264, 47.88479943085204], [28.34927498453233, 47.88638725550441], [28.34926581699934, 47.88644426394981], [28.349254966411472, 47.88650651055419], [28.349245425027473, 47.88655792635172], [28.3492374688063, 47.886598227459785], [28.349310722806926, 47.8852225203443], [28.348988778061944, 47.88385741564828], [28.348860562650692, 47.88391641915217], [28.348832862083768, 47.88461008823531], [28.348583120957723, 47.8862808374884], [28.34856577555157, 47.88638397093354], [28.34855781329851, 47.886426815291195], [28.348550767466076, 47.88646239949874], [28.34858847249244, 47.88506671927263], [28.348140780267332, 47.883687030855505], [28.34814289589966, 47.88448202709974], [28.347891257383118, 47.88617441947239], [28.347876776244835, 47.886260358817154], [28.3478704064612, 47.88629463420321], [28.347864066125886, 47.8863265715375], [28.347882112685745, 47.885077810903645], [28.34745756500638, 47.88389777891682], [28.34744293634428, 47.88444245255527], [28.347199065906494, 47.88607015557791], [28.34718739550109, 47.886138891989766], [28.34718259150589, 47.886164593489376], [28.347177364785665, 47.88619074357644], [28.34718214998002, 47.88513942092892], [28.346764230246563, 47.88410773157064], [28.34674167442987, 47.884407091683435], [28.34650687442987, 47.88596589168343], [28.346498014757348, 47.88601742516238], [28.34649066344546, 47.88605491561528], [28.34645847825064, 47.885110707782715], [28.346047679439316, 47.88431480103222], [28.345814682953247, 47.885861627788955], [28.345808634013604, 47.88589595833499], [28.345803962105304, 47.88591908765388], [28.345737001651027, 47.88515172293424], [28.3453029985252, 47.88455900619721], [28.345122491476623, 47.88575736389448], [28.345117260764994, 47.885783259693284], [28.344994654520416, 47.88523896961559], [28.34454314869636, 47.884962256188615], [28.3444303, 47.8856531], [28.3434697, 47.8857775], [28.33757, 47.885085], [28.3361808, 47.8847024], [28.3346518, 47.884064], [28.3322575, 47.8825322], [28.3296829, 47.8805739], [28.3277328, 47.8799435], [28.3270274, 47.8795098], [28.3257149, 47.8791923], [28.3247115, 47.879275], [28.32429, 47.8794705], [28.3232722, 47.8809406], [28.3229602, 47.8825152], [28.3226381, 47.8830302], [28.3220545, 47.8834396], [28.3209553, 47.883804], [28.3187028, 47.8840414], [28.3121072, 47.8835949], [28.3114527, 47.8837101], [28.3109063, 47.8842796], [28.3104271, 47.8845185], [28.306201, 47.8845853], [28.3037007, 47.88482], [28.3026557, 47.8842023], [28.3019564, 47.8842165], [28.2997646, 47.8847295], [28.294838, 47.885313], [28.2920297, 47.8854581], [28.291362, 47.8853484], [28.2902758, 47.8846437], [28.2879473, 47.8798574], [28.2867462, 47.8783521], [28.2848047, 47.8774533], [28.283928, 47.877327], [28.2819033, 47.8775236], [28.2806718, 47.8778185], [28.2752635, 47.880031], [28.2717425, 47.8811154], [28.2678077, 47.8813414], [28.26749749657508, 47.880714015528035], [28.267167943452215, 47.8810573022007], [28.267152219224254, 47.88159504082667], [28.266644666855186, 47.88056299271096], [28.266414344162005, 47.88120970057097], [28.266496738448502, 47.88184868165332], [28.265902229969942, 47.88046016935436], [28.265716026380794, 47.88116120029832], [28.265778436977786, 47.881975268020305], [28.26531580953763, 47.88100712961703], [28.265190744200606, 47.88034796917877], [28.264986171921127, 47.88195226350085], [28.264611950220356, 47.88110714554873], [28.264482873285537, 47.880250768675516], [28.26432625385514, 47.88169515543073], [28.264135206560876, 47.88180942551602], [28.263775885463556, 47.88016704431876], [28.26360839577486, 47.881320168084734], [28.263289442379193, 47.88156833623766], [28.26306964195699, 47.88009467833829], [28.262923113512596, 47.88096221641737], [28.262506053702936, 47.88134555772966], [28.262363932111267, 47.880030456110475], [28.26225585159457, 47.8806136836834], [28.2617550806605, 47.88113238888839], [28.261658741085128, 47.87997415059873], [28.26160014477089, 47.88027114174197], [28.261023757479027, 47.88092457622779], [28.260953809080426, 47.87992179740937], [28.26030467460101, 47.880720926056384], [28.260236325227172, 47.8796779013292], [28.259590420657503, 47.88052631902667], [28.259519344327227, 47.87944168041438], [28.258427037633716, 47.88117376319658], [28.25734589751765, 47.88190863246046], [28.2563506279186, 47.88424437493647], [28.25691598505616, 47.88291756993652], [28.255975531552608, 47.883338957201], [28.25549715160678, 47.884311177737764], [28.254465380934572, 47.884697174505156], [28.25403106747191, 47.88560448374301], [28.253154920814183, 47.88592896163807], [28.25289333458473, 47.88676733267861], [28.252113933690822, 47.8869991356565], [28.251964612434787, 47.88775624480068], [28.251234772640963, 47.88789954235116], [28.25112438903783, 47.88904483342908], [28.250409059088955, 47.88981111911801], [28.250450182524315, 47.89073327591525], [28.249800260490545, 47.89128046405849], [28.249914777113162, 47.892074217686], [28.249284872478857, 47.892516084569756], [28.24947679421618, 47.89335968947401], [28.248998748418547, 47.894237522990686], [28.24929959052351, 47.895114476695156], [28.24882947980645, 47.895828817256294], [28.2491868988213, 47.8966307109889], [28.248681815041547, 47.89719155185318], [28.249038004853272, 47.8978652739166], [28.248547195106976, 47.89841874918811], [28.248923929778023, 47.89904186966547], [28.248421285375947, 47.899555139381924], [28.24882033120423, 47.90014695939149], [28.248380138470775, 47.90073551860069], [28.248847351591078, 47.901355886048755], [28.24848027631741, 47.902018046551476], [28.248958168117724, 47.902585604945685], [28.248571778677046, 47.903205238098614], [28.249066428502534, 47.903739235043204], [28.248656948431307, 47.904322803812605], [28.249159882257292, 47.90482254781129], [28.24873741531978, 47.905387116012975], [28.249257288094437, 47.9058665003812], [28.248814522378, 47.90640958733944], [28.249356911716287, 47.90687712825174], [28.24889622792457, 47.907404407381335], [28.249445741099937, 47.90784953443559], [28.2489915460643, 47.90838288990711], [28.249548677813323, 47.90880779193243], [28.249099496220936, 47.9093462303836], [28.249668673299986, 47.90975669354083], [28.249218691421834, 47.91029609130137], [28.249817838032087, 47.910704253519626], [28.24934872436208, 47.91123296089759], [28.24994071161338, 47.91161608123953], [28.249488313633268, 47.912158375203454], [28.250091236673686, 47.91252838681716], [28.249637291236496, 47.91307253571252], [28.250250194106385, 47.91343058429966], [28.249794608570284, 47.913976699225735], [28.25043722095452, 47.914333374751436], [28.24996008655181, 47.91487108052913], [28.250559623470178, 47.915245150989314], [28.3205033, 47.9210946], [28.3207699, 47.9210122], [28.355908831755208, 47.88831625201608], [28.355359207513647, 47.88809973854022]], [[28.355322525243952, 47.88825795537329], [28.35529857513186, 47.88835568336056], [28.35534120683756, 47.88817862270294], [28.355322525243952, 47.88825795537329]], [[28.35518121153913, 47.88879059962423], [28.355152923979468, 47.888885597953674], [28.35520393662059, 47.88871167747729], [28.35518121153913, 47.88879059962423]], [[28.35468529885957, 47.887905248317104], [28.354682551803506, 47.887917774847395], [28.35468753191191, 47.88789502654107], [28.35468529885957, 47.887905248317104]], [[28.35468753191191, 47.88789502654107], [28.354690462456166, 47.88788164030266], [28.354687531912088, 47.88789502654026], [28.35468753191191, 47.88789502654107]], [[28.354643396787047, 47.88808816588127], [28.35461960787284, 47.8881853460719], [28.35466267030087, 47.88800595364956], [28.354643396787047, 47.88808816588127]], [[28.354509506286057, 47.88859359187566], [28.354483110114767, 47.888682227108276], [28.35453068041585, 47.88852003697328], [28.354509506286057, 47.88859359187566]], [[28.354350619846564, 47.889091725593104], [28.35432215392615, 47.88917250038034], [28.354376475052536, 47.889016204758285], [28.354350619846564, 47.889091725593104]], [[28.354138150545104, 47.88965219882473], [28.35419840522417, 47.88950287622431], [28.354176511819837, 47.88955768761631], [28.354138150545104, 47.88965219882473]], [[28.35419840522417, 47.88950287622431], [28.35420020987117, 47.88949831027795], [28.35419840522428, 47.889502876224036], [28.35419840522417, 47.88950287622431]], [[28.354003646781127, 47.8877456907266], [28.354001574226253, 47.88775517958022], [28.35399884488771, 47.88776762541086], [28.354003646781127, 47.8877456907266]], [[28.354003646781127, 47.8877456907266], [28.35400665641037, 47.887731942968905], [28.35400364678119, 47.887745690726305], [28.354003646781127, 47.8877456907266]], [[28.353966950983324, 47.89004507553973], [28.35392939274966, 47.890125544819334], [28.353998833703475, 47.889975108627404], [28.353966950983324, 47.89004507553973]], [[28.353960558460354, 47.887933826336464], [28.353962180694815, 47.88792672842602], [28.353977161614203, 47.88786337574358], [28.353960558460354, 47.887933826336464]], [[28.35381281661979, 47.88848046227781], [28.353856149701514, 47.88833287306463], [28.353840775718584, 47.888386062229706], [28.35381281661979, 47.88848046227781]], [[28.353856149701514, 47.88833287306463], [28.353856317343606, 47.88833228556896], [28.353856149701627, 47.88833287306423], [28.353856149701514, 47.88833287306463]], [[28.353662871027154, 47.888937231308965], [28.35371287799564, 47.88879339470322], [28.353694664321107, 47.888846424021736], [28.353662871027154, 47.888937231308965]], [[28.353490848032042, 47.88938573826268], [28.353547068460337, 47.88924643716038], [28.353528996528446, 47.88929171045804], [28.353490848032042, 47.88938573826268]], [[28.35329564295464, 47.88982828870533], [28.353359381008367, 47.88969028733431], [28.353340261782968, 47.889732086660445], [28.35329564295464, 47.88982828870533]], [[28.353359381008367, 47.88969028733431], [28.353359671427416, 47.889689648119536], [28.353359381008545, 47.88969028733392], [28.353359381008367, 47.88969028733431]], [[28.3533178448209, 47.88760513258673], [28.353315128684176, 47.88761751827236], [28.353322849843344, 47.88758224801611], [28.3533178448209, 47.88760513258673]], [[28.353260672500152, 47.88784874052666], [28.353298798745186, 47.88768995621351], [28.353287949546214, 47.887736416862744], [28.353260672500152, 47.88784874052666]], [[28.35314255296645, 47.88827859699549], [28.35318317806963, 47.88814023474799], [28.353167052970665, 47.888195930277824], [28.35314255296645, 47.88827859699549]], [[28.353116289114045, 47.890189796474374], [28.353129578596576, 47.8901639529185], [28.35315139993919, 47.89012184250284], [28.353116289114045, 47.890189796474374]], [[28.353081239837046, 47.89025612771337], [28.35308123983679, 47.890256127713855], [28.353080304404553, 47.89025789393083], [28.353081239837046, 47.89025612771337]], [[28.353028465852255, 47.888631390047465], [28.35303353444795, 47.88861640817267], [28.3530497622483, 47.88856916708808], [28.353028465852255, 47.888631390047465]], [[28.353002286525232, 47.88870564917995], [28.353003295901342, 47.888702789640966], [28.353003295901335, 47.88870278964099], [28.353002286525232, 47.88870564917995]], [[28.352885154643477, 47.890607239551926], [28.35283876595955, 47.89068548973825], [28.352931117188152, 47.89052790206044], [28.352885154643477, 47.890607239551926]], [[28.352841511469773, 47.88912424775845], [28.352898189112402, 47.888983779479005], [28.35287979247483, 47.88902992028105], [28.352841511469773, 47.88912424775845]], [[28.35266346082025, 47.88952768357975], [28.352721641907312, 47.8894016875463], [28.352704709544177, 47.889438704057405], [28.35266346082025, 47.88952768357975]], [[28.352646149578383, 47.890994236767334], [28.35258496542229, 47.89108712963936], [28.352702991417203, 47.89090577954756], [28.352646149578383, 47.890994236767334]], [[28.352702991417203, 47.89090577954756], [28.35270510822307, 47.89090245583451], [28.352702991417246, 47.890905779547495], [28.352702991417203, 47.89090577954756]], [[28.352632833420007, 47.88746092002421], [28.352635872442907, 47.88744703760254], [28.35263410934176, 47.88745511327276], [28.352632833420007, 47.88746092002421]], [[28.352597323746703, 47.8876144903086], [28.352581411551366, 47.88767958504734], [28.352613133338036, 47.887548055060364], [28.352597323746703, 47.8876144903086]], [[28.352613133338036, 47.887548055060364], [28.352616862599156, 47.88753195908461], [28.35261313333804, 47.88754805506035], [28.352613133338036, 47.887548055060364]], [[28.352461950694657, 47.88992981057335], [28.35252875075361, 47.88980198660076], [28.352511497731115, 47.88983531168941], [28.352461950694657, 47.88992981057335]], [[28.35249265698882, 47.88800803707058], [28.35247177539777, 47.88807845346371], [28.35250948141983, 47.88795013787123], [28.35249265698882, 47.88800803707058]], [[28.35231327060405, 47.89147426168394], [28.352313270604014, 47.89147426168399], [28.35231199588785, 47.891475995860475], [28.35231327060405, 47.89147426168394]], [[28.35231327060405, 47.89147426168394], [28.352389361535103, 47.891369664008465], [28.35244094853324, 47.891297362386055], [28.352408548358827, 47.89134303977531], [28.352372363786703, 47.89139343944652], [28.35231327060405, 47.89147426168394]], [[28.352369038210746, 47.88839604812984], [28.35234369958859, 47.88846840490758], [28.35238669928448, 47.88834478268199], [28.352369038210746, 47.88839604812984]], [[28.35238669928448, 47.88834478268199], [28.352386945022005, 47.88834406006034], [28.352386699284484, 47.88834478268198], [28.35238669928448, 47.88834478268199]], [[28.352281145823937, 47.89025344109812], [28.35229928961107, 47.890222088278136], [28.352325962924407, 47.89017605023142], [28.352281145823937, 47.89025344109812]], [[28.352200576522463, 47.88884218246696], [28.352193893725225, 47.88885855760631], [28.352244735447297, 47.88873269787711], [28.352200576522463, 47.88884218246696]], [[28.352083759454167, 47.89177291880107], [28.35202393749161, 47.89184696419764], [28.352150628622955, 47.891688366345015], [28.352083759454167, 47.89177291880107]], [[28.352059163128093, 47.89061286174564], [28.352001889141558, 47.89069980283826], [28.35211468151839, 47.89052642883228], [28.352059163128093, 47.89061286174564]], [[28.352058909492765, 47.8891679288241], [28.35206732718678, 47.889149286473945], [28.352083887831185, 47.889113120953816], [28.352058909492765, 47.8891679288241]], [[28.352030010008466, 47.88922978556379], [28.35202940174105, 47.88923108808339], [28.352030010008605, 47.889229785563494], [28.352030010008466, 47.88922978556379]], [[28.351951987913424, 47.88729769878647], [28.351950365690406, 47.88730513120972], [28.351949110342257, 47.88731084368785], [28.351951987913424, 47.88729769878647]], [[28.351917921369928, 47.88744590760654], [28.351902029840584, 47.887510923204985], [28.351931063744274, 47.88739063529307], [28.351917921369928, 47.88744590760654]], [[28.35184523040737, 47.88959864243439], [28.351906454319895, 47.88948144464003], [28.351890898598857, 47.88951149582037], [28.35184523040737, 47.88959864243439]], [[28.351809903329396, 47.89097663348072], [28.35174837847922, 47.891060862849635], [28.351869441644606, 47.89089315961981], [28.351809903329396, 47.89097663348072]], [[28.351822224267075, 47.887806722186525], [28.351801965220243, 47.887875056234215], [28.351836121050784, 47.88775886265267], [28.351822224267075, 47.887806722186525]], [[28.351708348359246, 47.8881647714122], [28.351684094152724, 47.8882340446771], [28.35172357220884, 47.88812058656443], [28.351708348359246, 47.8881647714122]], [[28.351642010198955, 47.88995890467315], [28.35171701134615, 47.889830803185646], [28.351695115106548, 47.88986857283564], [28.351642010198955, 47.88995890467315]], [[28.351536431925464, 47.89133653298975], [28.351481236818078, 47.89140483664615], [28.35160671472988, 47.89124757270548], [28.351536431925464, 47.89133653298975]], [[28.351578054565444, 47.88851458315994], [28.351548833304296, 47.88858661556897], [28.351593201918675, 47.888476752616896], [28.351578054565444, 47.88851458315994]], [[28.35146846343545, 47.89023720240801], [28.351483921001748, 47.89021318124319], [28.351521577185785, 47.89015460616385], [28.351502222327504, 47.89018492839659], [28.35146846343545, 47.89023720240801]], [[28.351430958688965, 47.88885766847684], [28.3513965476109, 47.8889319120223], [28.35144611191548, 47.88882460273096], [28.351430958688965, 47.88885766847684]], [[28.35123727495606, 47.890573943659035], [28.351254605461914, 47.890549707513706], [28.351297934755973, 47.89048895685356], [28.35126966671617, 47.89052882321757], [28.35123727495606, 47.890573943659035]], [[28.351267406505116, 47.88919322087929], [28.351227275325552, 47.889269804745226], [28.351283246113926, 47.88916267296222], [28.351267406505116, 47.88919322087929]], [[28.35126778682717, 47.887149814122914], [28.351265417786028, 47.88716062909933], [28.351268071537476, 47.88714850610122], [28.35126778682717, 47.887149814122914]], [[28.35123860685635, 47.88727695265616], [28.35122271346638, 47.88734199528444], [28.351248983116747, 47.88723326306696], [28.35123860685635, 47.88727695265616]], [[28.35115189735289, 47.88760503973374], [28.35113161596352, 47.887673465431085], [28.351162762576053, 47.887567580562795], [28.35115189735289, 47.88760503973374]], [[28.35105251772566, 47.889580545606414], [28.351041516756066, 47.8895991637565], [28.351109909594708, 47.8894823388225], [28.35105251772566, 47.889580545606414]], [[28.351048328701232, 47.887931576614534], [28.35102451254741, 47.887999613866725], [28.351060409435284, 47.88789649579524], [28.351048328701232, 47.887931576614534]], [[28.350931665476736, 47.89097116513424], [28.351055471087292, 47.89081614432613], [28.351009248151296, 47.890874723445094], [28.350931665476736, 47.89097116513424]], [[28.350929349910313, 47.88825155793223], [28.35090152117946, 47.88832017416815], [28.350942005039894, 47.88821995627084], [28.350929349910313, 47.88825155793223]], [[28.350839915117657, 47.88991884428911], [28.35093081588736, 47.889779104715046], [28.350900566044803, 47.889826218375816], [28.350839915117657, 47.88991884428911]], [[28.350796619325255, 47.888561662844744], [28.350763072401087, 47.888634065546135], [28.350808468572748, 47.88853579048894], [28.350796619325255, 47.888561662844744]], [[28.35062322174204, 47.89022776903153], [28.35072155245943, 47.89009164773987], [28.350687195601594, 47.89013977331117], [28.35062322174204, 47.89022776903153]], [[28.350609306013602, 47.88894099224245], [28.350648476381114, 47.88886645675418], [28.350635398340675, 47.88889165127973], [28.350609306013602, 47.88894099224245]], [[28.350582845263485, 47.88700531813744], [28.350581771514747, 47.88701020285903], [28.35058415301765, 47.88699932315952], [28.350582845263485, 47.88700531813744]], [[28.35055776151258, 47.88711429765477], [28.35054345488521, 47.88717283064802], [28.350566996280424, 47.88707548434229], [28.35055776151258, 47.88711429765477]], [[28.35044913142445, 47.88922568651957], [28.35044040168782, 47.889240467120594], [28.350502766863382, 47.8891339458573], [28.35044913142445, 47.88922568651957]], [[28.350395809551138, 47.890520613276664], [28.35049595369536, 47.89039528784634], [28.350466101903503, 47.890433095298164], [28.350395809551138, 47.890520613276664]], [[28.350479736051025, 47.887409575629924], [28.35046136011271, 47.88747155933396], [28.35048943408347, 47.887376191140746], [28.350479736051025, 47.887409575629924]], [[28.350387490304254, 47.88770072468563], [28.350364901695, 47.887765258556044], [28.350397222293797, 47.887672477088785], [28.350387490304254, 47.88770072468563]], [[28.350340032919053, 47.8894036373213], [28.350281422861332, 47.889494427464214], [28.350257056351346, 47.88953118866101], [28.350340032919053, 47.8894036373213]], [[28.350281241109553, 47.887987060433886], [28.350254188518925, 47.88805377872335], [28.350290820669176, 47.887963127846945], [28.350281241109553, 47.887987060433886]], [[28.35017085514589, 47.88824691171469], [28.350148700909244, 47.88829545463147], [28.35012955964881, 47.88833629837682], [28.35017085514589, 47.88824691171469]], [[28.350059987244446, 47.88981211459347], [28.35009320538277, 47.88976685453092], [28.350078410629703, 47.88978712595797], [28.350059987244446, 47.88981211459347]], [[28.35003800091987, 47.88852285417484], [28.35001209168555, 47.8885730036826], [28.349991219589807, 47.88861239760641], [28.35003800091987, 47.88852285417484]], [[28.34986728153627, 47.89006093181699], [28.34985298251042, 47.890078640435476], [28.349944303396835, 47.889964379454156], [28.34986728153627, 47.89006093181699]], [[28.349899988356153, 47.8868512720961], [28.349898106797344, 47.88685986060415], [28.349900227559722, 47.88685017180588], [28.349899988356153, 47.8868512720961]], [[28.34984571535395, 47.88887087805595], [28.34983928108215, 47.88888177872905], [28.349895831334894, 47.888785191761606], [28.34984571535395, 47.88887087805595]], [[28.34987765491936, 47.88694860208495], [28.34986425804784, 47.88700341307829], [28.349884990304297, 47.88691778665104], [28.34987765491936, 47.88694860208495]], [[28.349808460006635, 47.887211110337674], [28.349791206515008, 47.88726930804837], [28.34981609612984, 47.88718483233245], [28.349808460006635, 47.887211110337674]], [[28.34967427361233, 47.88914341818417], [28.349749228544386, 47.88902820355871], [28.349726602421057, 47.88906345405503], [28.34967427361233, 47.88914341818417]], [[28.349734125041575, 47.8874481902349], [28.349721789287038, 47.887484261734414], [28.3497052970016, 47.88753088233872], [28.349734125041575, 47.8874481902349]], [[28.349639723363175, 47.887706077207525], [28.349617502273116, 47.88776156889888], [28.349606867199, 47.88778734775428], [28.349639723363175, 47.887706077207525]], [[28.349533279589075, 47.887957948843834], [28.349513462470192, 47.888001391181696], [28.34949601776343, 47.888038588515265], [28.349533279589075, 47.887957948843834]], [[28.3494968186775, 47.88939637028532], [28.349527130188104, 47.8893550792597], [28.349514287003107, 47.8893726811077], [28.3494968186775, 47.88939637028532]], [[28.34941538698868, 47.888202927810525], [28.349390760752094, 47.888250573957755], [28.349373117510176, 47.888283832187575], [28.34941538698868, 47.888202927810525]], [[28.34932170585279, 47.88962235779405], [28.349310137494307, 47.889636689601424], [28.34939264249621, 47.88953348460039], [28.34932170585279, 47.88962235779405]], [[28.349287968876126, 47.888438051185815], [28.349287786817822, 47.88843836079675], [28.349288772031233, 47.88843665234541], [28.349287968876126, 47.888438051185815]], [[28.349287272275298, 47.888439251501104], [28.349256407027184, 47.88849242742967], [28.34923817728861, 47.88852305849719], [28.349287272275298, 47.888439251501104]], [[28.349216254637366, 47.886701236853874], [28.34921515669591, 47.88670627351638], [28.3492144833094, 47.886709329245335], [28.349216254637366, 47.886701236853874]], [[28.349197422984734, 47.88678342183457], [28.34918505668033, 47.886834013315905], [28.349203017698787, 47.88675994258943], [28.349197422984734, 47.88678342183457]], [[28.349097828228274, 47.888746014063855], [28.349091500310255, 47.888755631467426], [28.349158405345975, 47.88865279934758], [28.349097828228274, 47.888746014063855]], [[28.34913703379068, 47.88701315368452], [28.349121145070068, 47.88706674528591], [28.349142696130528, 47.886993689332755], [28.34913703379068, 47.88701315368452]], [[28.349071101683315, 47.88722368293165], [28.349055243339283, 47.88726973821437], [28.349045895032816, 47.88729592638135], [28.349071101683315, 47.88722368293165]], [[28.34894243010625, 47.888968611886924], [28.348933675250148, 47.888980591606575], [28.34900561263015, 47.88888104688701], [28.34894243010625, 47.888968611886924]], [[28.348988720281646, 47.88744878610198], [28.34896902634203, 47.8874979802671], [28.34895955149028, 47.88752089687113], [28.348988720281646, 47.88744878610198]], [[28.34889570341808, 47.88766898727923], [28.348870630489877, 47.887723620874034], [28.34886249061678, 47.88774083700413], [28.34889570341808, 47.88766898727923]], [[28.348776093377076, 47.88918382954372], [28.34876716845024, 47.889194890613766], [28.348840976952275, 47.889102595630476], [28.348776093377076, 47.88918382954372]], [[28.348792777085293, 47.88788299355722], [28.348763066617405, 47.88794018404893], [28.348754854894572, 47.88795556634573], [28.348792777085293, 47.88788299355722]], [[28.348682118078898, 47.88808740852182], [28.348681554448596, 47.88808839200592], [28.348681427122166, 47.88808860670481], [28.348682118078898, 47.88808740852182]], [[28.348680746098466, 47.88808978375991], [28.34865272903088, 47.888138058096146], [28.3486369518049, 47.88816453961012], [28.348680746098466, 47.88808978375991]], [[28.34853690790776, 47.888325129663116], [28.348508703805326, 47.88836787550177], [28.34856756195324, 47.888277426701684], [28.34853690790776, 47.888325129663116]], [[28.348532183431697, 47.88655275963634], [28.348530859821302, 47.8865587978872], [28.348532288547588, 47.88655227068692], [28.348532183431697, 47.88655275963634]], [[28.34851668175171, 47.88662073594796], [28.34850585531287, 47.88666461355331], [28.34852102800786, 47.886602165291876], [28.34851668175171, 47.88662073594796]], [[28.34846935768189, 47.88680232735846], [28.348457272495818, 47.88684386829129], [28.348451083625076, 47.88686418252362], [28.34846935768189, 47.88680232735846]], [[28.34840006585465, 47.88852449036247], [28.348370520906638, 47.888564827644316], [28.348433634085538, 47.88847751108371], [28.34840006585465, 47.88852449036247]], [[28.348404888058344, 47.88700841937226], [28.348386591410826, 47.88706068946562], [28.34840824346043, 47.886998683617996], [28.348404888058344, 47.88700841937226]], [[28.348334524830115, 47.887199472953164], [28.34831253843893, 47.887253699523015], [28.34833771720006, 47.88719149499658], [28.348334524830115, 47.887199472953164]], [[28.34827390914272, 47.88869128898563], [28.348224288916494, 47.88875298023339], [28.348289203279933, 47.888671844561664], [28.34827390914272, 47.88869128898563]], [[28.348254984019196, 47.88738689150638], [28.34822910605847, 47.88744277229075], [28.348258127247224, 47.88738002571433], [28.348254984019196, 47.88738689150638]], [[28.348170167182094, 47.887563059303545], [28.34814401734428, 47.887613415021264], [28.34813666507555, 47.887627148184265], [28.348170167182094, 47.887563059303545]], [[28.348075553862365, 47.88773801052081], [28.348075140021066, 47.88773873282602], [28.34807506248209, 47.8877388599948], [28.348075553862365, 47.88773801052081]], [[28.34807424978458, 47.88774026436597], [28.348052927094482, 47.88777712095609], [28.348035467555647, 47.88780645073695], [28.34807424978458, 47.88774026436597]], [[28.347963271021587, 47.88792298030411], [28.34792581542582, 47.887980252220416], [28.34797644912917, 47.887902477165426], [28.347963271021587, 47.88792298030411]], [[28.34784909847575, 47.888091553980814], [28.347807440828138, 47.88814895660213], [28.34786165554106, 47.888073975280214], [28.34784909847575, 47.888091553980814]], [[28.347847819683665, 47.88640563295493], [28.34784723633319, 47.88640826652912], [28.347848199146803, 47.886403867871856], [28.347847819683665, 47.88640563295493]], [[28.34783746126217, 47.88645100024507], [28.347832106707013, 47.886473559695496], [28.34782665394538, 47.88649521379082], [28.34783746126217, 47.88645100024507]], [[28.34778102218011, 47.88666161976125], [28.34779196844856, 47.88662517606619], [28.347787043056787, 47.88664189676098], [28.34778102218011, 47.88666161976125]], [[28.34772728778883, 47.88682545254989], [28.34773940654963, 47.88679132690168], [28.347733654847676, 47.886807781659215], [28.34772728778883, 47.88682545254989]], [[28.34772688942929, 47.88825439563276], [28.347681488214455, 47.888310968206966], [28.347737415564445, 47.88824111133112], [28.34772688942929, 47.88825439563276]], [[28.347685818366894, 47.88693645218483], [28.347678638227876, 47.8869546549907], [28.347665584587443, 47.88698635616613], [28.347685818366894, 47.88693645218483]], [[28.347619788508002, 47.88709273735877], [28.347609814186427, 47.8871147552859], [28.34759606413128, 47.88714396770082], [28.347619788508002, 47.88709273735877]], [[28.347546261182735, 47.88724563840618], [28.347533105104915, 47.887271230747935], [28.347518895961365, 47.88729792393053], [28.347546261182735, 47.88724563840618]], [[28.347469108006322, 47.88738840428468], [28.347468725593536, 47.887389073646126], [28.3474686767844, 47.88738914945201], [28.347469108006322, 47.88738840428468]], [[28.34746778171884, 47.88739069615821], [28.34744870121832, 47.88742369332478], [28.347434267524207, 47.88744786532147], [28.34746778171884, 47.88739069615821]], [[28.34738047597783, 47.88753517553012], [28.347342414162654, 47.88759339243636], [28.347385523475094, 47.887527233701114], [28.34738047597783, 47.88753517553012]], [[28.34728312120825, 47.887679712383985], [28.34724406908433, 47.887733469953055], [28.347289153558048, 47.887671179667194], [28.34728312120825, 47.887679712383985]], [[28.347185802795384, 47.88781014910835], [28.347156977535704, 47.88784649376707], [28.34713890375854, 47.88786868278992], [28.347185802795384, 47.88781014910835]], [[28.34716345593556, 47.886258506273855], [28.3471631601924, 47.886259803135175], [28.347164109745986, 47.886255465056934], [28.34716345593556, 47.886258506273855]], [[28.347157208649012, 47.88628590120768], [28.34715161852916, 47.88630943827763], [28.34714745257789, 47.88632581402835], [28.347157208649012, 47.88628590120768]], [[28.34712309963674, 47.88641811328847], [28.34711556923381, 47.886444101652195], [28.34711096073526, 47.8864590569985], [28.34712309963674, 47.88641811328847]], [[28.347082653804865, 47.88654830722727], [28.347072860601873, 47.88657680338164], [28.34706798416691, 47.88659021563398], [28.347082653804865, 47.88654830722727]], [[28.347036022802317, 47.88667611754312], [28.34702359854877, 47.886707214371754], [28.34701863073603, 47.88671901280907], [28.347036022802317, 47.88667611754312]], [[28.34698340022177, 47.8868011588857], [28.346967905241932, 47.88683501120983], [28.346963022204097, 47.8868451631109], [28.34698340022177, 47.8868011588857]], [[28.346925040832755, 47.88692300827682], [28.34691405583179, 47.88694446172027], [28.34690129454825, 47.88696837925774], [28.346925040832755, 47.88692300827682]], [[28.34686266344174, 47.88703879711961], [28.346862633653153, 47.8870388551763], [28.346862311166067, 47.88703941446612], [28.34686266344174, 47.88703879711961]], [[28.346846687312038, 47.88706651093909], [28.34683359796368, 47.887088375916285], [28.346861299968523, 47.88704116818751], [28.346846687312038, 47.88706651093909]], [[28.34676009669196, 47.8872048721907], [28.346792220805565, 47.88715576038505], [28.34677332626981, 47.88718505496786], [28.34676009669196, 47.8872048721907]], [[28.346680968744018, 47.88731759338403], [28.34671448413567, 47.8872714822042], [28.346694154636914, 47.88729979982311], [28.346680968744018, 47.88731759338403]], [[28.34659640554134, 47.88742627235158], [28.346634447014594, 47.887378855758776], [28.34660936875501, 47.887410460943414], [28.34659640554134, 47.88742627235158]], [[28.34648000262077, 47.88610714321672], [28.34648144482496, 47.88610055444204], [28.34648097707133, 47.88610287016019], [28.34648000262077, 47.88610714321672]], [[28.34646825121044, 47.88615641426571], [28.346475937748743, 47.88612496805945], [28.346473226531756, 47.88613685699863], [28.34646825121044, 47.88615641426571]], [[28.346455092777852, 47.8862077834842], [28.34645662772634, 47.886202104497215], [28.346456043073587, 47.88620440268246], [28.346455092777852, 47.8862077834842]], [[28.346440899290304, 47.88625649423609], [28.34645056072218, 47.88622390686681], [28.34644661015499, 47.886237961527854], [28.346440899290304, 47.88625649423609]], [[28.34642528265604, 47.88630695952336], [28.346426707811812, 47.88630254795028], [28.346426085331935, 47.88630456800128], [28.34642528265604, 47.88630695952336]], [[28.346408680544958, 47.88635497871813], [28.34642047059906, 47.886321296742885], [28.346414993427505, 47.88633761562925], [28.346408680544958, 47.88635497871813]], [[28.346390648161428, 47.88640446956647], [28.346391691950473, 47.88640170451632], [28.346391178140085, 47.88640311771154], [28.346390648161428, 47.88640446956647]], [[28.346371676884573, 47.88645166945213], [28.3463857940196, 47.88641685137752], [28.34637845475726, 47.8864355721654], [28.346371676884573, 47.88645166945213]], [[28.34635127535385, 47.88650010187891], [28.34635156861147, 47.88649942612337], [28.34635140806645, 47.88649980741398], [28.34635127535385, 47.88650010187891]], [[28.346329980276874, 47.88654635852105], [28.346346695710718, 47.88651026326749], [28.346337084758453, 47.88653158820869], [28.346329980276874, 47.88654635852105]], [[28.346283693135263, 47.88663883458471], [28.346303397788894, 47.88660118577005], [28.346290986026478, 47.8866254256444], [28.346283693135263, 47.88663883458471]], [[28.34623292840291, 47.88672888651152], [28.346256219225328, 47.88668919599692], [28.346240272884213, 47.886716851759715], [28.34623292840291, 47.88672888651152]], [[28.3462039656333, 47.88677634523998], [28.346177809471705, 47.88681630568768], [28.34620429596941, 47.88677580394742], [28.3462039656333, 47.88677634523998]], [[28.34614584706309, 47.88686325202441], [28.34611847000162, 47.88690088760778], [28.346146945373853, 47.88686163882725], [28.34614584706309, 47.88686325202441]], [[28.34608347401995, 47.886947157691004], [28.34605505367036, 47.88698243305607], [28.34608544245425, 47.88694455511738], [28.34608347401995, 47.886947157691004]], [[28.34578904984297, 47.88598701450315], [28.34579562451816, 47.885960117012495], [28.34579483453436, 47.885964275719616], [28.34578904984297, 47.88598701450315]], [[28.3457792113422, 47.88602568822387], [28.345777651076183, 47.88603182140347], [28.34577083784543, 47.88605393147342], [28.3457792113422, 47.88602568822387]], [[28.345749376923052, 47.88611974180216], [28.345758675530885, 47.88609317742204], [28.345757126253137, 47.88609842787687], [28.345749376923052, 47.88611974180216]], [[28.345736074126236, 47.88615633010262], [28.34573331096579, 47.88616392995895], [28.345724723033165, 47.886184326095055], [28.345736074126236, 47.88615633010262]], [[28.34570878110829, 47.886221980716655], [28.345706264274963, 47.88622816520757], [28.345696938349676, 47.886247553931156], [28.34570878110829, 47.886221980716655]], [[28.345680314863476, 47.88628211438162], [28.345676053254977, 47.886290974322776], [28.345666091722247, 47.88630928991172], [28.345680314863476, 47.88628211438162]], [[28.345632258842265, 47.88636939710654], [28.345646415487774, 47.88634527238758], [28.345642752827853, 47.886352201540674], [28.345632258842265, 47.88636939710654]], [[28.345612467631373, 47.886401827213064], [28.345606445576962, 47.886411695020904], [28.345595522251518, 47.886427739184555], [28.345612467631373, 47.886401827213064]], [[28.34555597125914, 47.88648418183164], [28.345572173473983, 47.886461849650374], [28.345567221542478, 47.886469307222576], [28.34555597125914, 47.88648418183164]], [[28.345533181709825, 47.88651431312938], [28.345525177998105, 47.886524895270234], [28.345513701799305, 47.886538593760655], [28.345533181709825, 47.88651431312938]], [[28.34510869199739, 47.885825681279044], [28.345100776400542, 47.88585136871078], [28.345109332990713, 47.885822507899334], [28.34510869199739, 47.885825681279044]], [[28.345077769181728, 47.88591698273805], [28.34508938740077, 47.88588832791421], [28.34508816717434, 47.885892287752455], [28.345077769181728, 47.88591698273805]], [[28.345048490309225, 47.88597974523876], [28.34506307964973, 47.88595187002781], [28.345061120483475, 47.885956523001155], [28.345048490309225, 47.88597974523876]], [[28.34503066407323, 47.886012521119724], [28.34502782005634, 47.886017750219075], [28.345013235031303, 47.88603917268148], [28.34503066407323, 47.886012521119724]], [[28.34497234992831, 47.88609475446516], [28.344992453895962, 47.88606969598118], [28.344988596021864, 47.88607536242074], [28.34497234992831, 47.88609475446516]]]}}, {"type": "Feature", "properties": {"name": "Mărculești"}, "geometry": {"type": "MultiPolygon", "coordinates": [[[[28.24462468277538, 47.85845162835906], [28.243537644281403, 47.85860960220026], [28.2438518385, 47.8591668322], [28.2445122345, 47.8591514584], [28.2445459134, 47.8591510796], [28.244613339384887, 47.85915152685974], [28.243232047304364, 47.85949606966975], [28.2434007716, 47.8598775226], [28.2445285259, 47.8598512688], [28.24459999727647, 47.859851399696865], [28.243816554089438, 47.859993997186585], [28.243121916529486, 47.86043784085409], [28.242865289630803, 47.86039736681872], [28.242943997507968, 47.860588345808246], [28.244544817249597, 47.860551079206935], [28.24459255733328, 47.86055145493065], [28.243932724800203, 47.86070845200279], [28.24340011033454, 47.86119036880996], [28.242361332803466, 47.86102653750954], [28.242702362873697, 47.861294160644576], [28.244561108624797, 47.86125088960347], [28.244585902124037, 47.861251505591966], [28.24415214673712, 47.86139467872126], [28.24371880516727, 47.86194928440498], [28.242013551027377, 47.86171726875172], [28.2425327, 47.8619983], [28.2445774, 47.8619507], [28.2440375, 47.8627082], [28.242129, 47.8624072], [28.2419862, 47.8626144], [28.2407604, 47.8622936], [28.2385281, 47.864785], [28.2374512, 47.8662478], [28.2371339, 47.8660582], [28.2325141, 47.8714477], [28.2315769, 47.8711912], [28.2313711, 47.8715434], [28.2304265, 47.8712526], [28.2297732, 47.8723532], [28.2290725, 47.8731335], [28.2245321, 47.871808], [28.2223167, 47.8757405], [28.2330802, 47.8788865], [28.2284844, 47.8858719], [28.2363375, 47.8867097], [28.235837182308295, 47.887361298785414], [28.236156019968167, 47.887394120309224], [28.23661865111821, 47.887278452411664], [28.237036763843644, 47.886740954576545], [28.23673396576158, 47.88747520073768], [28.236076028872745, 47.88808958506778], [28.236980300425035, 47.88787779353229], [28.237707310705098, 47.8869950775778], [28.237274778592425, 47.88791963462702], [28.23634129232892, 47.888793924761366], [28.23751287221751, 47.88835789537177], [28.238358163222358, 47.88727919606918], [28.2378155914, 47.8883640685], [28.23664202090641, 47.88946611574965], [28.237986770533023, 47.888875424225596], [28.239079866864582, 47.88745540468563], [28.238367094, 47.8887951657], [28.236964284494157, 47.8901187855197], [28.237784366355477, 47.88983189669433], [28.238493529224762, 47.88936453739419], [28.239659508580722, 47.887847980857046], [28.239239204, 47.8887423956], [28.2386940172, 47.8894837758], [28.23730205196881, 47.89075740122374], [28.238173913684363, 47.89041891843106], [28.23896991231632, 47.88987823934119], [28.24025875744869, 47.888212481693394], [28.2394380316, 47.8896973684], [28.237655594446817, 47.891384237031765], [28.238618071338365, 47.890974496419204], [28.239465771785344, 47.89037461444971], [28.240879664529515, 47.88854597029562], [28.2399313477, 47.8901995732], [28.238013535014044, 47.8920047779268], [28.239038335584876, 47.891540684757175], [28.239958908847083, 47.890872823915004], [28.241497131214437, 47.88888438517518], [28.2404605695, 47.8906579564], [28.23837942262426, 47.892618100007695], [28.239643915967243, 47.89199042178843], [28.24074079211213, 47.89109245430212], [28.243117897752775, 47.88778618244676], [28.2410991443, 47.890982835], [28.23877037758838, 47.89321900110435], [28.240081633655375, 47.89254054847122], [28.241244268998035, 47.89157880053165], [28.243691797503082, 47.8881869804964], [28.2416522948, 47.8914119194], [28.2393796922, 47.8936008514], [28.239325855942617, 47.89374635236514], [28.24024283647834, 47.89326720811302], [28.241483707363752, 47.89232399511097], [28.242319736870837, 47.89140603515627], [28.24333771373251, 47.88991655125689], [28.2421961218, 47.891852699], [28.2399766219, 47.8940043013], [28.23987129833081, 47.894265585823206], [28.24118080136079, 47.893481298270345], [28.242332809884132, 47.89246643226651], [28.2448395970037, 47.88898857659568], [28.2428359349, 47.8921707531], [28.2405682598, 47.8944125581], [28.240408799877013, 47.89477970790046], [28.24174698539221, 47.893932109872715], [28.24289733570842, 47.89288770587939], [28.24541349675401, 47.88938937464532], [28.243328567, 47.8926776616], [28.241149832, 47.8948363664], [28.240940778688923, 47.8952892710314], [28.243036250607382, 47.89374558364135], [28.24401238562898, 47.89264981840354], [28.245162768455465, 47.89097095147311], [28.2439471989, 47.8930222766], [28.2417311028, 47.8952534227], [28.241468402152922, 47.89579572756974], [28.24279947364953, 47.89488613780429], [28.243987194256505, 47.893770709784285], [28.246561296254633, 47.8901909707446], [28.2445671481, 47.8933630868], [28.2423092142, 47.8956733666], [28.241992887717853, 47.896299041944864], [28.243321222987305, 47.89536414407018], [28.244535149532435, 47.89420842092912], [28.247135196004944, 47.89059176879424], [28.2451386593, 47.8937676571], [28.242881472, 47.8961007902], [28.242513670035567, 47.89680133316637], [28.243880822754747, 47.89580947692275], [28.245067339249232, 47.89466346897837], [28.247666382046937, 47.89105372828556], [28.2457503964, 47.8941180277], [28.2434523056, 47.896527132], [28.24303832060099, 47.897297797646196], [28.244421150218912, 47.89626921391828], [28.24563980919594, 47.89507345883208], [28.248155854478174, 47.891575417186296], [28.2462601907, 47.8946056151], [28.2440168081, 47.8969625567], [28.2436725657, 47.8975945161], [28.243593341243823, 47.89777108793168], [28.245958358639488, 47.895763568406586], [28.24819892772541, 47.892736301762916], [28.246893833, 47.8949263526], [28.2445828786, 47.8973927859], [28.244145270753524, 47.89824305500052], [28.24563849414268, 47.897061944384795], [28.247238406710174, 47.895343428037904], [28.247720110029434, 47.89469230802882], [28.24835413077817, 47.89373662850386], [28.2491409717947, 47.89260995669664], [28.2474953055, 47.8952897837], [28.2451431038, 47.8978313675], [28.244695436054336, 47.898713183099176], [28.247214506009836, 47.89646288201363], [28.249475287279086, 47.893353813677116], [28.249280767331822, 47.89251880246008], [28.249914777113162, 47.892074217686], [28.249800260490545, 47.89128046405849], [28.250450182524315, 47.89073327591525], [28.250409059088955, 47.88981111911801], [28.25112438977121, 47.889044818446514], [28.251234772640963, 47.88789954235116], [28.251964612434787, 47.88775624480068], [28.252113933690822, 47.8869991356565], [28.252893441403845, 47.886766937655096], [28.253154920814183, 47.88592896163807], [28.25403106747191, 47.88560448374301], [28.254465380934572, 47.884697174505156], [28.25549715160678, 47.884311177737764], [28.255975531552608, 47.883338957201], [28.25691598505616, 47.88291756993652], [28.25734589751765, 47.88190863246046], [28.25843012790041, 47.88116724821408], [28.259519344327227, 47.87944168041438], [28.259573332392634, 47.88026554878398], [28.259515026168827, 47.879375784478036], [28.26018968430836, 47.87896615184439], [28.26013420942168, 47.878142372791174], [28.260799008133336, 47.87755950487411], [28.26073551873069, 47.87659064425176], [28.261391569242775, 47.875801586589525], [28.261403339305637, 47.874683440795124], [28.262051667402357, 47.87359656672831], [28.26188106923601, 47.871262762974496], [28.261820687766566, 47.871819054411674], [28.26184080564662, 47.869722040652476], [28.262345066303954, 47.86833390924499], [28.26216402480865, 47.866972724644405], [28.262451765552665, 47.86518050704868], [28.262055750458405, 47.86415306042025], [28.262479238213736, 47.86336685344365], [28.262080855143953, 47.86266819206411], [28.262475166018934, 47.862013999031944], [28.26196527662027, 47.86141393790304], [28.262374060106602, 47.86083106070473], [28.261848337818474, 47.86035674339841], [28.262246391915884, 47.859778525830976], [28.26104234633213, 47.858898891775276], [28.261684371381875, 47.85936048033259], [28.262081844910803, 47.8587841094823], [28.261513380657497, 47.85837540799211], [28.261910854213667, 47.857799037161406], [28.259547759281734, 47.85629125647184], [28.261329846344196, 47.85740852506864], [28.26173032757797, 47.85683340934769], [28.259919587217333, 47.85569817638761], [28.261135888467948, 47.856460729263276], [28.261567261752177, 47.85590498078321], [28.260968956771737, 47.8555298770142], [28.261436597588084, 47.8549968662489], [28.260832955074203, 47.854618416144866], [28.261333341610648, 47.854105935115115], [28.260717110784796, 47.85372706248527], [28.261252293546214, 47.853230716471245], [28.260609390055052, 47.85286636060752], [28.26117810098846, 47.852378942487945], [28.26050317052196, 47.85202836529057], [28.261107101524576, 47.851547030673935], [28.260393254546866, 47.85120573611236], [28.261037832266787, 47.850731932903194], [28.260297954046866, 47.8504039758335], [28.260970159894846, 47.849930087774254], [28.260197583801226, 47.849611420901674], [28.260898649065965, 47.84913747465686], [28.26009662099106, 47.848828601090524], [28.2608186951747, 47.84835046333437], [28.25999752977538, 47.84805452065275], [28.260730407571234, 47.847568981255655], [28.259889902076704, 47.847285124342335], [28.260635107433053, 47.84679215184502], [28.25977804477302, 47.84652073445077], [28.26053272008782, 47.84602002464371], [28.259658524067742, 47.845759974828894], [28.260423588122247, 47.845252372353286], [28.259533188776597, 47.845003073059644], [28.26030911139992, 47.84448826619638], [28.255180969776195, 47.84321024303411], [28.259402818757216, 47.844249511725415], [28.2601889293706, 47.843727945389915], [28.255348289837976, 47.842530534275205], [28.25927181983817, 47.84349636765167], [28.26006350642355, 47.84297110178682], [28.255515609929457, 47.841850825523615], [28.259140820941035, 47.84274322356338], [28.259933327458178, 47.84221741369265], [28.259009822068588, 47.84199007945872], [28.25980232878664, 47.84146426945468], [28.25585025020686, 47.84049140804368], [28.25887882339706, 47.84123693522075], [28.25967133011511, 47.840711125216714], [28.256017570361713, 47.839811699307695], [28.25874782472553, 47.84048379098278], [28.25954033144358, 47.839957980978745], [28.257318430291978, 47.83941102781326], [28.258616826054, 47.83973064674481], [28.259409332819445, 47.839204836709335], [28.25610916174968, 47.83839383645437], [28.256431879254677, 47.83919279042865], [28.255601647464633, 47.83899626684868], [28.255915545620166, 47.8397868555712], [28.255089753891685, 47.839603415863486], [28.25537553041995, 47.84038013326837], [28.25457264620628, 47.84021528152374], [28.254866538664114, 47.8409867740584], [28.25405086364974, 47.84083324396277], [28.254307500784737, 47.84158996613029], [28.25352188999195, 47.8414554705448], [28.253751921081054, 47.84220269133911], [28.252983306322175, 47.8420763197688], [28.25319428642825, 47.842820404279784], [28.253633171240796, 47.842892560956756], [28.25243495895444, 47.84269556389872], [28.25262848497983, 47.84343677877735], [28.253519023437338, 47.84358319130576], [28.251875666870678, 47.84331300871233], [28.25206103985872, 47.844052883138474], [28.253404883954307, 47.844273823029916], [28.251308611846706, 47.843929177298016], [28.25148483770356, 47.844667547838014], [28.250739378863724, 47.84454498786161], [28.250895768253788, 47.845280097098474], [28.253176632407015, 47.84565509100937], [28.250157854724534, 47.84515877769423], [28.25029236618811, 47.84589028999897], [28.24956239604139, 47.84577027660266], [28.2496522143, 47.8463400919], [28.2499541009711, 47.84654407371133], [28.24895075442722, 47.84637911492831], [28.2489994893, 47.8467521998], [28.24968432759128, 47.847209118073714], [28.252834336573077, 47.847727006442284], [28.24832122731543, 47.84698501275143], [28.2483400205, 47.8471682795], [28.249410591071157, 47.84787351086757], [28.25272026484543, 47.84841764936084], [28.247800766004943, 47.8476088419468], [28.247671697981513, 47.847580560965504], [28.249132380523363, 47.84853716810924], [28.247409296963315, 47.84824075314022], [28.248849805061184, 47.84920010773762], [28.247150894376688, 47.84890292641869], [28.248561882926364, 47.84986216834311], [28.24689442626335, 47.849566276395564], [28.248269895304155, 47.850523560563026], [28.246641289026567, 47.850231661608866], [28.247971634149728, 47.85118392137628], [28.246388735666834, 47.8508987592898], [28.247666993179227, 47.85184323331288], [28.252036725154912, 47.85256165375767], [28.24699197831834, 47.851732255230175], [28.246135209729136, 47.85156766349756], [28.24735528703429, 47.85250138364212], [28.251922486884652, 47.85325226914818], [28.24685484786951, 47.85241910729604], [28.245880434568736, 47.85223838854616], [28.247036558841206, 47.853158379515286], [28.251808269120158, 47.85394288793034], [28.24671668876941, 47.8531057902447], [28.245624328614433, 47.852911745596835], [28.246709236786604, 47.853813962512305], [28.24536784658583, 47.85358884368869], [28.2463727492431, 47.854463020761926], [28.245107246279428, 47.85426960361065], [28.24603460335933, 47.8551046073055], [28.244844778991112, 47.85495656646908], [28.24567628183686, 47.85574789456117], [28.244577128140865, 47.85565146282523], [28.245464262562226, 47.85642200260542], [28.244304177735547, 47.856358112193725], [28.24511530280688, 47.85708093402027], [28.244038770842486, 47.857081210020944], [28.244674856907796, 47.85775244523433], [28.24379262936704, 47.85782529197787], [28.2442743389, 47.8584568069], [28.2445085728, 47.8584514173], [28.2445801394, 47.8584511062], [28.2445969744, 47.8584512206], [28.24462468277538, 47.85845162835906]], [[28.24462468277538, 47.85845162835906], [28.244624682775516, 47.85845162835906], [28.244626681493305, 47.858451654022616], [28.24462468277538, 47.85845162835906]], [[28.248561882926364, 47.84986216834311], [28.248561882926367, 47.84986216834311], [28.252378167283716, 47.85048959753947], [28.248561882926364, 47.84986216834311]], [[28.248269895304155, 47.850523560563026], [28.24826989530416, 47.850523560563026], [28.25226419551231, 47.85118025696011], [28.248269895304155, 47.850523560563026]], [[28.246709236786604, 47.853813962512305], [28.246709236786607, 47.853813962512305], [28.251694074340282, 47.85463351051341], [28.246709236786604, 47.853813962512305]], [[28.24586427326682, 47.85578415527755], [28.245735476, 47.8557586389], [28.2457691374, 47.8557650368], [28.2458187111, 47.85577478], [28.24586427326682, 47.85578415527755]], [[28.24572192027612, 47.8564695293128], [28.245721920276335, 47.85646952931284], [28.24572386718558, 47.85646992935258], [28.24572192027612, 47.8564695293128]], [[28.24572192027612, 47.8564695293128], [28.2456072485, 47.8564467942], [28.2456351699, 47.8564520977], [28.2456806053, 47.856461021], [28.24572192027612, 47.8564695293128]], [[28.245582474972174, 47.85715550082368], [28.24544856154032, 47.85712941305395], [28.24548208951979, 47.857135684183106], [28.245582474972174, 47.85715550082368]], [[28.245436625180012, 47.857840157968134], [28.24543662518019, 47.85784015796817], [28.245437349700268, 47.85784030563159], [28.245436625180012, 47.857840157968134]], [[28.2453673357, 47.8578262388], [28.24534977386599, 47.85782306513117], [28.245324612125252, 47.85781835459932], [28.2453673357, 47.8578262388]], [[28.245353005693918, 47.85711310932989], [28.24535300569411, 47.857113109329916], [28.24535554267047, 47.85711350819841], [28.245353005693918, 47.85711310932989]], [[28.245353005693918, 47.85711310932989], [28.245200393137786, 47.85709108992395], [28.245237082961438, 47.85709602520183], [28.245353005693918, 47.85711310932989]], [[28.245200654942593, 47.85850729472453], [28.2452659566, 47.8585196769], [28.245296490733647, 47.858525986863306], [28.245200654942593, 47.85850729472453]], [[28.24524178727434, 47.85780422209933], [28.245123056356633, 47.857786950876175], [28.24514344471476, 47.857789747659474], [28.24524178727434, 47.85780422209933]], [[28.24507831624508, 47.859196530758545], [28.2451315269, 47.8592066475], [28.245150765128223, 47.85921068757017], [28.24507831624508, 47.859196530758545]], [[28.245130574114086, 47.858495335695665], [28.24501743755433, 47.85847908389169], [28.245043338122215, 47.858482552588825], [28.245130574114086, 47.858495335695665]], [[28.2449632044, 47.8577690271], [28.245039722986366, 47.85777684105975], [28.244920494463454, 47.857765395651754], [28.2449632044, 47.8577690271]], [[28.24494323152967, 47.859175357518176], [28.2449989065, 47.8591831717], [28.245029382995202, 47.85918802497738], [28.24494323152967, 47.859175357518176]], [[28.244946413501925, 47.85988396309486], [28.2449970972, 47.8598936181], [28.245007663054952, 47.85989595089942], [28.244946413501925, 47.85988396309486]], [[28.245007663054952, 47.85989595089942], [28.24500766305499, 47.85989595089943], [28.245014774165718, 47.8598973426909], [28.245007663054952, 47.85989595089942]], [[28.24496554395423, 47.85847289958544], [28.24486152421286, 47.85846290390858], [28.2448702016377, 47.85846366515642], [28.24496554395423, 47.85847289958544]], [[28.24490646906147, 47.85987731533339], [28.244843124937127, 47.859868162447526], [28.2448643495, 47.8598709424], [28.24490646906147, 47.85987731533339]], [[28.244804689885665, 47.859160592850195], [28.2448653094, 47.8591661014], [28.244884126169588, 47.8591681866765], [28.244804689885665, 47.859160592850195]], [[28.244797465146206, 47.86056883464738], [28.24479746514621, 47.86056883464738], [28.244811960047237, 47.860570929082755], [28.244797465146206, 47.86056883464738]], [[28.244811960047237, 47.860570929082755], [28.24484618126652, 47.86057715623776], [28.24488032071103, 47.860584308678796], [28.244811960047237, 47.860570929082755]], [[28.244797465146206, 47.86056883464738], [28.24476715323607, 47.86056445473911], [28.244779807445852, 47.86056581839427], [28.244797465146206, 47.86056883464738]], [[28.2447616327, 47.8577553108], [28.244835825642507, 47.85775926658662], [28.244714038152583, 47.85775358516714], [28.2447616327, 47.8577553108]], [[28.244808530096616, 47.8598640396831], [28.24473917813363, 47.85985752054397], [28.2447639882, 47.859859548], [28.244808530096616, 47.8598640396831]], [[28.24468763528834, 47.85845308705331], [28.2447652621, 47.8584563134], [28.244791106842758, 47.85845784304609], [28.24468763528834, 47.85845308705331]], [[28.244670684607282, 47.859152963936644], [28.2447310471, 47.8591554767], [28.24475256911288, 47.85915678201795], [28.244670684607282, 47.859152963936644]], [[28.244686131039455, 47.86125958305332], [28.244695265381488, 47.86126069438274], [28.244722252520518, 47.86126665277439], [28.244686131039455, 47.86125958305332]], [[28.244722252520518, 47.86126665277439], [28.244722252520628, 47.86126665277441], [28.24474586725634, 47.86127127466669], [28.244722252520518, 47.86126665277439]], [[28.244691148402097, 47.860556091561435], [28.244712965128905, 47.86055768602597], [28.244729460285058, 47.8605596929086], [28.244691148402097, 47.860556091561435]], [[28.244704421011125, 47.85985512416926], [28.244634830582545, 47.859852063745706], [28.244663195, 47.8598529939], [28.244704421011125, 47.85985512416926]], [[28.244618023885558, 47.86125230364935], [28.244654419350418, 47.86125572485171], [28.24467750659255, 47.86125789507065], [28.244618023885558, 47.86125230364935]], [[28.244604075953017, 47.86055138781419], [28.244645809030025, 47.86055277795617], [28.244673666381598, 47.86055444823774], [28.244604075953017, 47.86055138781419]]], [[[28.257971704037658, 47.83740914954415], [28.25809449322495, 47.83743937588525], [28.257242568179645, 47.837488497623234], [28.25746456245488, 47.83800520630993], [28.256612939039474, 47.83779556686693], [28.256951304300554, 47.83859975737102], [28.258485827429737, 47.83897750247548], [28.25927833412504, 47.838451692486544], [28.258354828733825, 47.83822435825369], [28.259147335413516, 47.83769854827511], [28.258223830051577, 47.83747121402284], [28.258407288747524, 47.83734949339201], [28.257971704037658, 47.83740914954415]]], [[[28.24524366489743, 47.89918193606962], [28.24734131467375, 47.897357467554826], [28.24875054424769, 47.8956598601791], [28.249236466633914, 47.89494358230927], [28.2489996051, 47.8942359934], [28.247564163, 47.896346877], [28.2457045274, 47.8982653201], [28.24524366489743, 47.89918193606962]]], [[[28.245790331888863, 47.89964935530061], [28.247766521660502, 47.89792469950259], [28.249077222698638, 47.89639728696725], [28.24882947980645, 47.895828817256294], [28.2476700717, 47.8973015545], [28.2462625557, 47.8987035768], [28.245790331888863, 47.89964935530061]]], [[[28.246335335483693, 47.900116041688165], [28.248937871126948, 47.89768284247301], [28.2486851928, 47.8971873919], [28.2468183428, 47.8991439767], [28.246335335483693, 47.900116041688165]]], [[[28.24687890239627, 47.90058229294572], [28.248810115222238, 47.89885962394155], [28.248547195106976, 47.89841874918811], [28.2473889573, 47.8995698296], [28.24687890239627, 47.90058229294572]]], [[[28.247421978361174, 47.90104722590999], [28.248690751113273, 47.8999601072164], [28.2484230125, 47.8995534439], [28.2479673232, 47.8999855805], [28.247421978361174, 47.90104722590999]]], [[[28.247963968403823, 47.901511531013064], [28.24857764348528, 47.901003950281634], [28.248382406, 47.9007310347], [28.247963968403823, 47.901511531013064]]]]}}, {"type": "Feature", "properties": {"name": "Vărvăreuca"}, "geometry": {"type": "MultiPolygon", "coordinates": [[[[28.259409332819445, 47.839204836709335], [28.258616826054, 47.83973064674481], [28.25954033144358, 47.839957980978745], [28.25874782472553, 47.84048379098278], [28.25967133011511, 47.840711125216714], [28.25887882339706, 47.84123693522075], [28.25980232878664, 47.84146426945468], [28.259009822068588, 47.84199007945872], [28.259933327458175, 47.84221741369265], [28.259140820941035, 47.84274322356338], [28.26006350642355, 47.84297110178682], [28.25927181983817, 47.84349636765167], [28.2601889293706, 47.843727945389915], [28.259402818757216, 47.844249511725415], [28.26030911139992, 47.84448826619638], [28.259533188776597, 47.845003073059644], [28.260423588122244, 47.845252372353286], [28.25965852406774, 47.845759974828894], [28.260532720087816, 47.84602002464371], [28.25977804477302, 47.84652073445077], [28.260635107433053, 47.84679215184502], [28.25989139801103, 47.847285586054], [28.260730407571234, 47.847568981255655], [28.259998240846638, 47.848054757168164], [28.260818695174695, 47.84835046333437], [28.26009807055999, 47.848829117916296], [28.260898649065965, 47.84913747465686], [28.260197583801226, 47.849611420901674], [28.260970159894843, 47.849930087774254], [28.260297954046862, 47.8504039758335], [28.261037832266783, 47.850731932903194], [28.26039973242507, 47.85120861033085], [28.261107101524576, 47.851547030673935], [28.260503170521957, 47.85202836529057], [28.26117810098846, 47.852378942487945], [28.26060939005505, 47.85286636060752], [28.261252293546214, 47.853230716471245], [28.260718561437837, 47.85372790800888], [28.261333341610648, 47.854105935115115], [28.2608329550742, 47.854618416144866], [28.261436597588084, 47.8549968662489], [28.260968956771734, 47.8555298770142], [28.261567261752177, 47.85590498078321], [28.261135888467948, 47.856460729263276], [28.26173032757797, 47.85683340934769], [28.261329846344196, 47.85740852506864], [28.261910854213667, 47.857799037161406], [28.261513380657497, 47.85837540799211], [28.262081844910803, 47.8587841094823], [28.261684371381875, 47.85936048033259], [28.262246391915884, 47.859778525830976], [28.261848337818474, 47.86035674339841], [28.262374060106602, 47.86083106070473], [28.261998238697718, 47.861448511586715], [28.262475166018934, 47.862013999031944], [28.262081608753725, 47.862669324339926], [28.262479238213736, 47.86336685344365], [28.262055750458405, 47.86415306042025], [28.262451765552665, 47.86518050704868], [28.26216402480865, 47.866972724644405], [28.262345066303954, 47.86833390924499], [28.26184080564662, 47.869722040652476], [28.262051667402357, 47.87359656672831], [28.26144316679899, 47.87463048404816], [28.261391569242775, 47.875801586589525], [28.26073551873069, 47.87659064425176], [28.260799008133336, 47.87755950487411], [28.260135630138567, 47.878141274708916], [28.26018968430836, 47.87896615184439], [28.259515026168827, 47.879375784478036], [28.259590420657503, 47.88052631902668], [28.260236325227172, 47.8796779013292], [28.26030467460101, 47.880720926056384], [28.260953809080426, 47.87992179740937], [28.261023757479027, 47.88092457622779], [28.26160014477089, 47.88027114174197], [28.261658741085128, 47.87997415059873], [28.2617550806605, 47.88113238888839], [28.26225585159457, 47.8806136836834], [28.262363932111267, 47.88003045611048], [28.262506053702936, 47.88134555772966], [28.262923113512596, 47.88096221641737], [28.26306964195699, 47.88009467833829], [28.263289442379193, 47.88156833623766], [28.26360839577486, 47.881320168084734], [28.263775885463556, 47.88016704431877], [28.264135206560876, 47.88180942551602], [28.26432625385514, 47.88169515543073], [28.264482873285537, 47.880250768675516], [28.264611950220356, 47.88110714554873], [28.264986171921127, 47.88195226350085], [28.265190744200606, 47.88034796917877], [28.26531580953763, 47.88100712961703], [28.265778436977786, 47.881975268020305], [28.265716026380794, 47.88116120029832], [28.265902229969942, 47.88046016935436], [28.266496738448502, 47.88184868165332], [28.266414344162005, 47.88120970057097], [28.266644666855186, 47.88056299271096], [28.267152219224254, 47.88159504082667], [28.267167943452215, 47.8810573022007], [28.26749749657508, 47.880714015528035], [28.2678077, 47.8813414], [28.2717425, 47.8811154], [28.2752635, 47.880031], [28.2806718, 47.8778185], [28.2819033, 47.8775236], [28.283928, 47.877327], [28.2856189, 47.8777202], [28.2867462, 47.8783521], [28.2879473, 47.8798574], [28.2902758, 47.8846437], [28.291362, 47.8853484], [28.2920297, 47.8854581], [28.294838, 47.885313], [28.2997646, 47.8847295], [28.3019564, 47.8842165], [28.3026557, 47.8842023], [28.3037007, 47.88482], [28.306201, 47.8845853], [28.3104271, 47.8845185], [28.3109063, 47.8842796], [28.3114527, 47.8837101], [28.3121072, 47.8835949], [28.3187028, 47.8840414], [28.3209553, 47.883804], [28.3220545, 47.8834396], [28.3226381, 47.8830302], [28.3229602, 47.8825152], [28.3232722, 47.8809406], [28.32429, 47.8794705], [28.3247115, 47.879275], [28.3257149, 47.8791923], [28.3270274, 47.8795098], [28.3277328, 47.8799435], [28.3296829, 47.8805739], [28.3322575, 47.8825322], [28.3346518, 47.884064], [28.33757, 47.885085], [28.3434697, 47.8857775], [28.3444303, 47.8856531], [28.344534509148097, 47.884961271975925], [28.344994654520416, 47.88523896961559], [28.34511726076498, 47.885783259693355], [28.3453029985252, 47.88455900619721], [28.345737001651027, 47.88515172293424], [28.345803962105258, 47.88591908765412], [28.346047679439316, 47.88431480103222], [28.34645847825064, 47.885110707782715], [28.34649066344546, 47.88605491561528], [28.346764230246563, 47.88410773157064], [28.34718214998002, 47.88513942092892], [28.347177364785665, 47.88619074357644], [28.34745756500638, 47.88389777891682], [28.347882112685745, 47.885077810903645], [28.347864066125886, 47.8863265715375], [28.348140780267332, 47.883687030855505], [28.34858847249244, 47.88506671927263], [28.348550767466076, 47.88646239949874], [28.348860562650692, 47.88391641915217], [28.348988778061944, 47.88385741564828], [28.349310722806926, 47.8852225203443], [28.3492374688063, 47.886598227459785], [28.34955750494052, 47.8843512940696], [28.349834137724756, 47.88418611744004], [28.350026383580445, 47.88545978949576], [28.34992417014647, 47.886734055421115], [28.350223988121108, 47.88476769670677], [28.3506225202169, 47.88449610996842], [28.350729503444825, 47.88569754147656], [28.3506108676107, 47.886869902571135], [28.350873622451154, 47.88517342375478], [28.35138037150842, 47.88482338476753], [28.351297563276148, 47.88700575862642], [28.35152069580448, 47.88557721907649], [28.352114048054364, 47.88516267776634], [28.35198427885425, 47.887141511502165], [28.35216776905351, 47.88598101447023], [28.352828213337943, 47.885494040174066], [28.352671046283604, 47.88727699796417], [28.352814995126888, 47.88638379505131], [28.353528229070367, 47.885817533501786], [28.35335782742195, 47.88741241318329], [28.35346396479012, 47.88677499975465], [28.354217677506636, 47.88613499016182], [28.354044636456052, 47.887547684108526], [28.354114538398328, 47.887154698365784], [28.354899588538206, 47.88644799326364], [28.354731456559264, 47.88768289768969], [28.35505753429482, 47.8872662216526], [28.35548745080333, 47.887432557497085], [28.355352859643283, 47.88812792285808], [28.355908831755208, 47.88831625201608], [28.3680963, 47.8769761], [28.3727483, 47.8715633], [28.3731823, 47.8705927], [28.3732518, 47.8700099], [28.3730117, 47.8692074], [28.3682738, 47.8645645], [28.3178598, 47.8302541], [28.258407288747524, 47.83734949339201], [28.258223830051573, 47.83747121402284], [28.259147335413516, 47.83769854827511], [28.258354828733825, 47.83822435825369], [28.25927833412504, 47.838451692486544], [28.258485827429737, 47.83897750247548], [28.259409332819445, 47.839204836709335]]], [[[28.259590420657503, 47.88052631902668], [28.259539295303444, 47.87974613618852], [28.259519344327227, 47.87944168041438], [28.259590420657503, 47.88052631902668]]], [[[28.355341206837785, 47.88817862270197], [28.355298986741538, 47.888354008483795], [28.355319730407793, 47.888269137343855], [28.355341206837785, 47.88817862270197]]], [[[28.355153397121388, 47.8888840133219], [28.355196957898848, 47.88873618701694], [28.355200943294996, 47.88872221123389], [28.355202866573297, 47.88871543620911], [28.355153397121388, 47.8888840133219]]], [[[28.354683943613953, 47.887911417288926], [28.35468529885957, 47.887905248317104], [28.354687531912088, 47.88789502654026], [28.354683943613953, 47.887911417288926]]], [[[28.354619607872735, 47.888185346072326], [28.35465401465451, 47.88804326170569], [28.354656457442548, 47.888032780128675], [28.354659182840216, 47.88802100522656], [28.354619607872735, 47.888185346072326]]], [[[28.3545077848152, 47.88859946129463], [28.354529468660214, 47.88852429401698], [28.354483110114757, 47.88868222710831], [28.3545077848152, 47.88859946129463]]], [[[28.35437597821884, 47.88901766824458], [28.35435500185542, 47.88907908840922], [28.35436565051906, 47.88904809990863], [28.35437597821884, 47.88901766824458]]], [[[28.35419840522428, 47.889502876224036], [28.354138150545065, 47.88965219882482], [28.354174288398013, 47.88956318946696], [28.35419840522428, 47.889502876224036]]], [[[28.354000245304274, 47.887761228414405], [28.354001574226253, 47.88775517958022], [28.35400364678119, 47.887745690726305], [28.354000245304274, 47.887761228414405]]], [[[28.353997145647984, 47.88997883044151], [28.353977071744, 47.890023036744125], [28.35398688814055, 47.89000151195926], [28.353997145647984, 47.88997883044151]]], [[[28.353977161614537, 47.887863375742135], [28.353963669759572, 47.887920857216685], [28.35397159498048, 47.88788732096308], [28.35397465730309, 47.887874197122535], [28.353977161614537, 47.887863375742135]]], [[[28.353856149701627, 47.88833287306423], [28.353812816619712, 47.88848046227807], [28.353834903124252, 47.888406001028635], [28.353856149701627, 47.88833287306423]]], [[[28.353712877995953, 47.88879339470229], [28.353662871027062, 47.88893723130922], [28.353667137101542, 47.88892510735479], [28.353712877995953, 47.88879339470229]]], [[[28.35349084803198, 47.889385738262824], [28.353540676221186, 47.88926266664581], [28.353547068460536, 47.88924643715987], [28.35349084803198, 47.889385738262824]]], [[[28.353359381008545, 47.88969028733392], [28.353311617021387, 47.88979428620545], [28.35332972355412, 47.88975532274698], [28.353344617545694, 47.88972286627622], [28.353359381008545, 47.88969028733392]]], [[[28.3533165424828, 47.88761106004003], [28.3533178448209, 47.88760513258673], [28.3533197600684, 47.88759636210854], [28.3533165424828, 47.88761106004003]]], [[[28.353260852139357, 47.88784800565], [28.353290884686004, 47.88772408042715], [28.353292850506236, 47.887715642741455], [28.35329514665544, 47.88770571910758], [28.353260852139357, 47.88784800565]]], [[[28.35314255296641, 47.88827859699562], [28.35317818267795, 47.888157786979555], [28.353182823537388, 47.88814147738563], [28.35314255296641, 47.88827859699562]]], [[[28.35315139993941, 47.89012184250241], [28.353118893819754, 47.890184810010616], [28.353136568370264, 47.89015074575383], [28.35315139993941, 47.89012184250241]]], [[[28.35302573130775, 47.888639236677875], [28.35304976224861, 47.88856916708716], [28.353003295901335, 47.88870278964099], [28.35302573130775, 47.888639236677875]]], [[[28.35290547248757, 47.890572166566734], [28.352931117188156, 47.890527902060434], [28.352844815033954, 47.89067532683157], [28.35290547248757, 47.890572166566734]]], [[[28.352895711752446, 47.88899004878398], [28.352874977667224, 47.88904224460201], [28.35288574515434, 47.8890152950352], [28.352895711752446, 47.88899004878398]]], [[[28.35272164190756, 47.88940168754574], [28.352699412191384, 47.88945056027069], [28.352709384363916, 47.889428764991884], [28.35272164190756, 47.88940168754574]]], [[[28.352702991417246, 47.890905779547495], [28.352588421968004, 47.89108191523513], [28.3526084662316, 47.89105153569063], [28.352702991417246, 47.890905779547495]]], [[[28.3526328334196, 47.88746092002605], [28.35263410934176, 47.88745511327276], [28.352635872443066, 47.88744703760181], [28.3526328334196, 47.88746092002605]]], [[[28.35261313333804, 47.88754805506035], [28.3526043216266, 47.887585743855894], [28.352609311723985, 47.88756452386212], [28.35261103610749, 47.88755712105314], [28.35261313333804, 47.88754805506035]]], [[[28.352511497731115, 47.88983531168941], [28.352528617831233, 47.88980224463261], [28.352463242304154, 47.889927371616274], [28.352511497731115, 47.88983531168941]]], [[[28.352509481419855, 47.88795013787114], [28.35247225611442, 47.88807683848747], [28.352494679729258, 47.88800119057362], [28.352509481419855, 47.88795013787114]]], [[[28.352437249266767, 47.89130259276929], [28.35240615168943, 47.89134639164062], [28.352421188779548, 47.891325292212734], [28.35243068748595, 47.89131188678013], [28.352437249266767, 47.89130259276929]]], [[[28.35235858457905, 47.888426429340285], [28.352386699284484, 47.88834478268198], [28.35234369958858, 47.888468404907606], [28.35235858457905, 47.888426429340285]]], [[[28.352324075422775, 47.890179333178395], [28.352266443631592, 47.89027840021844], [28.352281145823937, 47.89025344109812], [28.352298367143717, 47.89022390534823], [28.352303279374624, 47.89021541491828], [28.35232036349858, 47.890185787799425], [28.35232158665615, 47.890183663913305], [28.352324075422775, 47.890179333178395]]], [[[28.352229434153777, 47.88877099291216], [28.352244442691042, 47.88873343685334], [28.352196214762703, 47.888852885379514], [28.352229434153777, 47.88877099291216]]], [[[28.352023937491246, 47.89184696419808], [28.352129572791796, 47.891715217135065], [28.352142504179856, 47.891698756428035], [28.35215062862435, 47.891688366343224], [28.352023937491246, 47.89184696419808]]], [[[28.35207446112839, 47.89058908817587], [28.352112288807916, 47.89053018579695], [28.35200559758845, 47.89069420808193], [28.35207446112839, 47.89058908817587]]], [[[28.352056061972892, 47.88917408970509], [28.352083887831558, 47.88911312095299], [28.352030010008466, 47.88922978556379], [28.352056061972892, 47.88917408970509]]], [[[28.351950365690406, 47.88730513120972], [28.351951987913424, 47.88729769878647], [28.351949110342257, 47.88731084368785], [28.351950365690406, 47.88730513120972]]], [[[28.35193106378115, 47.88739063508774], [28.351902029840584, 47.887510923204985], [28.35191734479898, 47.88744827168554], [28.35193106378115, 47.88739063508774]]], [[[28.35190593925148, 47.88948244458786], [28.35185742210474, 47.88957571510186], [28.35187587576474, 47.88954066264994], [28.3518894373846, 47.88951457755512], [28.35190593925148, 47.88948244458786]]], [[[28.351749931488197, 47.89105874994667], [28.351848389822145, 47.89092290614125], [28.351859341396203, 47.89090745675437], [28.351865375658182, 47.89089890856426], [28.351749931488197, 47.89105874994667]]], [[[28.351836121050784, 47.88775886265267], [28.351801965220243, 47.887875056234215], [28.35182329449984, 47.887803094956], [28.351836121050784, 47.88775886265267]]], [[[28.351684094152724, 47.8882340446771], [28.351715530863643, 47.888144290500286], [28.35172357220884, 47.88812058656443], [28.351684094152724, 47.8882340446771]]], [[[28.351717011346164, 47.88983080318562], [28.35164261141935, 47.889957893129186], [28.351656243100127, 47.889934827517074], [28.351717011346164, 47.88983080318562]]], [[[28.351481236818024, 47.89140483664622], [28.351588548411563, 47.8912707864141], [28.351599102331452, 47.891257299201094], [28.351481236818024, 47.89140483664622]]], [[[28.351593201918675, 47.888476752616896], [28.351548833304296, 47.88858661556897], [28.351578054565444, 47.88851458315994], [28.351593201918675, 47.888476752616896]]], [[[28.351521577186368, 47.89015460616293], [28.351422762125623, 47.89030651753591], [28.351479885369404, 47.89021937312283], [28.351521577186368, 47.89015460616293]]], [[[28.351419797144437, 47.88888224377451], [28.35144611658751, 47.888824592444074], [28.3513965476109, 47.8889319120223], [28.351419797144437, 47.88888224377451]]], [[[28.351293494801915, 47.890495234555104], [28.35126784227377, 47.89053137527682], [28.351279778453844, 47.89051462429846], [28.351287980819112, 47.89050304719594], [28.351293494801915, 47.890495234555104]]], [[[28.351283246113926, 47.88916267296222], [28.351227275325552, 47.889269804745226], [28.351267406505116, 47.88919322087929], [28.351283246113926, 47.88916267296222]]], [[[28.351268071537536, 47.88714850610094], [28.351265417785868, 47.88716062910005], [28.35126661193589, 47.88715519521276], [28.351268071537536, 47.88714850610094]]], [[[28.35122271346638, 47.88734199528444], [28.351247378903693, 47.88724019988264], [28.351248983116935, 47.88723326306614], [28.35122271346638, 47.88734199528444]]], [[[28.351144078192164, 47.88763200432571], [28.3511627625762, 47.88756758056227], [28.351131615963453, 47.887673465431305], [28.351144078192164, 47.88763200432571]]], [[[28.35107310850655, 47.88954587809991], [28.351089012936818, 47.88951835224512], [28.351041516756066, 47.8895991637565], [28.35107310850655, 47.88954587809991]]], [[[28.351060409435284, 47.88789649579524], [28.35102451254741, 47.887999613866725], [28.351047657435032, 47.88793349775901], [28.351060409435284, 47.88789649579524]]], [[[28.350938541243696, 47.890962702851816], [28.351036200376825, 47.89084076267437], [28.35104271742662, 47.89083245085965], [28.351047590605404, 47.8908262133567], [28.350938541243696, 47.890962702851816]]], [[[28.35090152117946, 47.88832017416815], [28.35092669483044, 47.88825853931341], [28.350942005039894, 47.88821995627084], [28.35090152117946, 47.88832017416815]]], [[[28.350913457862074, 47.88980630403889], [28.35089730871037, 47.88983123095898], [28.350839915117657, 47.88991884428911], [28.350881797138324, 47.8898553350805], [28.350913457862074, 47.88980630403889]]], [[[28.35076307240107, 47.88863406554617], [28.350797571098287, 47.88855987256758], [28.35080846857298, 47.88853579048842], [28.35076307240107, 47.88863406554617]]], [[[28.35062322174204, 47.89022776903153], [28.35071660303118, 47.890098661954546], [28.35072155245943, 47.89009164773987], [28.35062322174204, 47.89022776903153]]], [[[28.350660605891292, 47.88884279800572], [28.350635398340675, 47.88889165127973], [28.350648476381114, 47.88886645675418], [28.350660605891292, 47.88884279800572]]], [[[28.350581771514747, 47.88701020285903], [28.35058389081838, 47.887000528325984], [28.350584153017703, 47.88699932315928], [28.350581771514747, 47.88701020285903]]], [[[28.350566996280424, 47.88707548434229], [28.350558528408403, 47.88711151130405], [28.35056205585847, 47.887096672273685], [28.350564543394704, 47.88708606543416], [28.350566996280424, 47.88707548434229]]], [[[28.35048670897584, 47.88916163958455], [28.350502766863883, 47.88913394585643], [28.350440401687806, 47.889240467120615], [28.35048670897584, 47.88916163958455]]], [[[28.35049595369536, 47.89039528784634], [28.350417969052618, 47.89049339361235], [28.350439813144302, 47.89046622278262], [28.350469952607508, 47.89042835762106], [28.350485922382504, 47.890408103306086], [28.350491518460473, 47.89040096540251], [28.35049595369536, 47.89039528784634]]], [[[28.350489434083553, 47.887376191140454], [28.35046136011271, 47.88747155933396], [28.350479284767143, 47.887411101314456], [28.350489434083553, 47.887376191140454]]], [[[28.350397222293797, 47.887672477088785], [28.350383121768388, 47.88771369698901], [28.35039110875604, 47.88769052174805], [28.350397222293797, 47.887672477088785]]], [[[28.35034003291984, 47.889403637320065], [28.35025705635097, 47.88953118866158], [28.350306663150857, 47.889455466300284], [28.35034003291984, 47.889403637320065]]], [[[28.350290820669176, 47.887963127846945], [28.350254188518925, 47.88805377872335], [28.3502549477569, 47.88805191170188], [28.350290820669176, 47.887963127846945]]], [[[28.350139730881516, 47.8883147121899], [28.350170855146096, 47.888246911714226], [28.35012955964881, 47.88833629837682], [28.350139730881516, 47.8883147121899]]], [[[28.35014958922708, 47.889688090490665], [28.350082932242426, 47.889780954667685], [28.35010086543653, 47.88975627764254], [28.350130692712835, 47.88971473586507], [28.350138275906534, 47.88970408624737], [28.35014520354567, 47.88969430737258], [28.35014958922708, 47.889688090490665]]], [[[28.349991219589807, 47.88861239760641], [28.350023417701106, 47.88855126418681], [28.35003800091987, 47.88852285417484], [28.349991219589807, 47.88861239760641]]], [[[28.34994430339738, 47.88996437945346], [28.349921421233073, 47.88999348599488], [28.349935631601102, 47.88997546020155], [28.349940290424975, 47.889969517082456], [28.34994430339738, 47.88996437945346]]], [[[28.349898106797344, 47.88685986060415], [28.349899059158137, 47.88685552974626], [28.349900227559722, 47.88685017180588], [28.349898106797344, 47.88685986060415]]], [[[28.349865329505462, 47.88883787394675], [28.349895831335232, 47.888785191761016], [28.34983928108207, 47.888881778729186], [28.349865329505462, 47.88883787394675]]], [[[28.349884990304297, 47.88691778665104], [28.34986425804784, 47.88700341307829], [28.34987815550384, 47.88694654061847], [28.349884990304297, 47.88691778665104]]], [[[28.349791206515008, 47.88726930804837], [28.349808833148938, 47.887210195112765], [28.34981609612984, 47.88718483233245], [28.349791206515008, 47.88726930804837]]], [[[28.349749228544386, 47.88902820355871], [28.34967427361233, 47.88914341818417], [28.349683386108225, 47.88912957888136], [28.349749228544386, 47.88902820355871]]], [[[28.349734125041575, 47.8874481902349], [28.3497052970016, 47.88753088233872], [28.34972662276239, 47.88746995620401], [28.349734125041575, 47.8874481902349]]], [[[28.349624475481, 47.887744411288864], [28.349639723363175, 47.887706077207525], [28.349606867199, 47.88778734775428], [28.349624475481, 47.887744411288864]]], [[[28.34957760741288, 47.88928455952957], [28.349533519567167, 47.889346254881566], [28.349560206812686, 47.88930909007334], [28.34956747606181, 47.88929888563377], [28.349573773744183, 47.88928999563397], [28.34957760741288, 47.88928455952957]]], [[[28.349504719167786, 47.88802015341617], [28.349533279589075, 47.887957948843834], [28.34949601776343, 47.888038588515265], [28.349504719167786, 47.88802015341617]]], [[[28.34941538698868, 47.888202927810525], [28.349373117510176, 47.888283832187575], [28.349406835436387, 47.88821942660011], [28.34941538698868, 47.888202927810525]]], [[[28.3493675403305, 47.88956522070508], [28.34939264249693, 47.88953348459947], [28.349310137494307, 47.889636689601424], [28.3493675403305, 47.88956522070508]]], [[[28.349287968876126, 47.888438051185815], [28.349287786817822, 47.88843836079675], [28.349287705645565, 47.88843850131085], [28.349287968876126, 47.888438051185815]]], [[[28.349255298120298, 47.88849430308556], [28.349287272275298, 47.888439251501104], [28.34923817728861, 47.88852305849719], [28.349255298120298, 47.88849430308556]]], [[[28.3492144833094, 47.886709329245335], [28.34921515669591, 47.88670627351638], [28.349216254637373, 47.88670123685384], [28.3492144833094, 47.886709329245335]]], [[[28.34918505668033, 47.886834013315905], [28.34919918702884, 47.88677637825799], [28.349203017698787, 47.88675994258943], [28.34918505668033, 47.886834013315905]]], [[[28.349158405345975, 47.88865279934758], [28.349145831297296, 47.88867250495565], [28.34915170791428, 47.88866333112817], [28.349158405345975, 47.88865279934758]]], [[[28.349128127376837, 47.887043752579345], [28.349142696130528, 47.886993689332755], [28.349121145070043, 47.887066745285985], [28.349128127376837, 47.887043752579345]]], [[[28.34904589503276, 47.887295926381505], [28.34906171082011, 47.887251225443215], [28.349071101683382, 47.88722368293145], [28.34904589503276, 47.887295926381505]]], [[[28.34900561263015, 47.88888104688701], [28.348933675250148, 47.888980591606575], [28.34894243010625, 47.888968611886924], [28.34900561263015, 47.88888104688701]]], [[[28.348976407437124, 47.88747981242592], [28.348983231293335, 47.8874624937215], [28.34895955149028, 47.88752089687113], [28.348976407437124, 47.88747981242592]]], [[[28.34886249061678, 47.88774083700413], [28.34888256827852, 47.88769793366432], [28.348895703418325, 47.88766898727869], [28.34886249061678, 47.88774083700413]]], [[[28.34882422714849, 47.889123908435074], [28.348820877321405, 47.88912800273371], [28.34876716845024, 47.889194890613766], [28.348797764661235, 47.88915714646212], [28.34882422714849, 47.889123908435074]]], [[[28.348763066617405, 47.88794018404893], [28.348792777085293, 47.88788299355722], [28.348754854894516, 47.88795556634584], [28.348763066617405, 47.88794018404893]]], [[[28.348681554448596, 47.88808839200592], [28.34868211807908, 47.8880874085215], [28.348681427122166, 47.88808860670481], [28.348681554448596, 47.88808839200592]]], [[[28.348680746098506, 47.88808978375984], [28.3486369518049, 47.88816453961012], [28.348672868136628, 47.888103345825904], [28.348680746098506, 47.88808978375984]]], [[[28.348567561953395, 47.888277426701436], [28.348556986322357, 47.888294005820256], [28.348561687614847, 47.888286666759996], [28.348567561953395, 47.888277426701436]]], [[[28.348530859821302, 47.8865587978872], [28.34853125423368, 47.8865570172865], [28.348532288547588, 47.88655227068692], [28.348530859821302, 47.8865587978872]]], [[[28.348517442123452, 47.88661721103982], [28.34852102800788, 47.88660216529178], [28.34850585531287, 47.88666461355331], [28.348517442123452, 47.88661721103982]]], [[[28.348451083625076, 47.886864182523624], [28.348463442271537, 47.88682297117497], [28.34846935768189, 47.88680232735846], [28.348451083625076, 47.886864182523624]]], [[[28.348421663321336, 47.888494400734814], [28.34841693165598, 47.88850090160744], [28.34837052090642, 47.88856482764461], [28.348396239924178, 47.88852979055006], [28.348421663321336, 47.888494400734814]]], [[[28.348386591410826, 47.88706068946562], [28.34840020079543, 47.88702230517926], [28.34840824346043, 47.886998683617996], [28.348386591410826, 47.88706068946562]]], [[[28.348334524830115, 47.887199472953164], [28.348327114158963, 47.887218243622485], [28.34833771720009, 47.8871914949965], [28.348334524830115, 47.887199472953164]]], [[[28.348289203280412, 47.888671844561046], [28.348224288916494, 47.88875298023339], [28.348230425531668, 47.88874537019271], [28.348289203280412, 47.888671844561046]]], [[[28.34822910605845, 47.88744277229078], [28.34824436361435, 47.8874103005845], [28.348258127247345, 47.88738002571406], [28.34822910605845, 47.88744277229078]]], [[[28.34813666507555, 47.887627148184265], [28.348154176679653, 47.88759413955713], [28.348170167182396, 47.887563059302956], [28.34813666507555, 47.887627148184265]]], [[[28.348075524974593, 47.88773806079075], [28.348075553862483, 47.88773801052061], [28.348075062482074, 47.887738859994826], [28.348075524974593, 47.88773806079075]]], [[[28.348069138683503, 47.887749070865695], [28.348052927094482, 47.88777712095609], [28.34807424978458, 47.88774026436597], [28.348069138683503, 47.887749070865695]]], [[[28.347925815425796, 47.88798025222045], [28.347971081796338, 47.88791092114506], [28.34797644912917, 47.887902477165426], [28.347925815425796, 47.88798025222045]]], [[[28.347828876329146, 47.8881197923171], [28.34786165554106, 47.888073975280214], [28.347807440828138, 47.88814895660213], [28.347828876329146, 47.8881197923171]]], [[[28.347847819683665, 47.88640563295493], [28.347848199146803, 47.886403867871856], [28.34784723633319, 47.88640826652912], [28.347847819683665, 47.88640563295493]]], [[[28.34783746126217, 47.88645100024507], [28.34783909036817, 47.88644415585816], [28.34782665394538, 47.88649521379082], [28.34783746126217, 47.88645100024507]]], [[[28.347796244706736, 47.88661016323266], [28.347787043056787, 47.88664189676098], [28.34779196844856, 47.88662517606619], [28.347796244706736, 47.88661016323266]]], [[[28.34774419554432, 47.886777150260805], [28.347745385237374, 47.886773684304835], [28.34772728778883, 47.88682545254989], [28.34774419554432, 47.886777150260805]]], [[[28.347681488214455, 47.888310968206966], [28.347726300362027, 47.888255256161976], [28.347737415564445, 47.88824111133112], [28.347681488214455, 47.888310968206966]]], [[[28.347685818366894, 47.88693645218483], [28.347678638227876, 47.8869546549907], [28.347686714118538, 47.88693420389101], [28.347685818366894, 47.88693645218483]]], [[[28.34759606413128, 47.88714396770082], [28.347609814186427, 47.8871147552859], [28.347620551076275, 47.88709106414962], [28.34759606413128, 47.88714396770082]]], [[[28.347533105104915, 47.887271230747935], [28.347546261182735, 47.88724563840618], [28.347518895961365, 47.88729792393053], [28.347533105104915, 47.887271230747935]]], [[[28.347469108006322, 47.88738840428468], [28.3474686767844, 47.88738914945201], [28.347468725593536, 47.887389073646126], [28.347469108006322, 47.88738840428468]]], [[[28.34744870121832, 47.88742369332478], [28.347465409230377, 47.887394795905486], [28.347434267524207, 47.88744786532147], [28.34744870121832, 47.88742369332478]]], [[[28.347385523475094, 47.887527233701114], [28.347361581442073, 47.88756447011293], [28.34738047597783, 47.88753517553012], [28.347385523475094, 47.887527233701114]]], [[[28.347262791709493, 47.8877080300029], [28.347289153558048, 47.887671179667194], [28.34724406908433, 47.887733469953055], [28.347262791709493, 47.8877080300029]]], [[[28.34713890375854, 47.88786868278992], [28.347178691581334, 47.88781922333832], [28.347185802795384, 47.88781014910835], [28.34713890375854, 47.88786868278992]]], [[[28.34716410974611, 47.88625546505635], [28.347163160192398, 47.88625980313519], [28.34716345593556, 47.886258506273855], [28.34716410974611, 47.88625546505635]]], [[[28.34715161852916, 47.88630943827763], [28.347157208649012, 47.88628590120768], [28.34714745257789, 47.88632581402835], [28.34715161852916, 47.88630943827763]]], [[[28.34711556923381, 47.886444101652195], [28.347123099636757, 47.88641811328841], [28.34711096073526, 47.8864590569985], [28.34711556923381, 47.886444101652195]]], [[[28.34706798416691, 47.88659021563398], [28.347078612303825, 47.8865603486241], [28.34708265380487, 47.88654830722726], [28.34706798416691, 47.88659021563398]]], [[[28.347018630735963, 47.88671901280923], [28.34703016229679, 47.88669106635892], [28.347036022802317, 47.88667611754312], [28.347018630735963, 47.88671901280923]]], [[[28.346983400221806, 47.886801158885625], [28.346963022204097, 47.8868451631109], [28.346975264758505, 47.8868192099873], [28.346983400221806, 47.886801158885625]]], [[[28.346905918798026, 47.88695987696593], [28.346925040832755, 47.88692300827682], [28.346901294548243, 47.88696837925775], [28.346905918798026, 47.88695987696593]]], [[[28.346862633653153, 47.8870388551763], [28.34686266344174, 47.88703879711961], [28.346862311166007, 47.88703941446623], [28.346862633653153, 47.8870388551763]]], [[[28.346846687312038, 47.88706651093909], [28.34686129996855, 47.887041168187466], [28.346833597963617, 47.88708837591639], [28.346846687312038, 47.88706651093909]]], [[[28.346760096691945, 47.88720487219072], [28.346792220805565, 47.88715576038505], [28.346793825461152, 47.88715320313547], [28.346760096691945, 47.88720487219072]]], [[[28.346694154636914, 47.88729979982311], [28.346716545970708, 47.88726853338846], [28.346680968744018, 47.88731759338403], [28.346694154636914, 47.88729979982311]]], [[[28.34659640554134, 47.88742627235158], [28.34663108280064, 47.88738319051466], [28.346634447014594, 47.887378855758776], [28.34659640554134, 47.88742627235158]]], [[[28.34648000262077, 47.88610714321672], [28.34648097707133, 47.88610287016019], [28.34648144482496, 47.88610055444204], [28.34648000262077, 47.88610714321672]]], [[[28.346475937748743, 47.88612496805945], [28.34646825121044, 47.88615641426571], [28.346473226531756, 47.88613685699863], [28.346475937748743, 47.88612496805945]]], [[[28.346455092777852, 47.8862077834842], [28.346456043073587, 47.88620440268246], [28.34645662772634, 47.886202104497215], [28.346455092777852, 47.8862077834842]]], [[[28.34644661015499, 47.886237961527854], [28.34645056072218, 47.88622390686681], [28.346440899290304, 47.88625649423609], [28.34644661015499, 47.886237961527854]]], [[[28.34642528265604, 47.88630695952336], [28.346426085331935, 47.88630456800128], [28.346426707811812, 47.88630254795028], [28.34642528265604, 47.88630695952336]]], [[[28.34642047059906, 47.886321296742885], [28.346408680544958, 47.88635497871813], [28.346414993427505, 47.88633761562925], [28.34642047059906, 47.886321296742885]]], [[[28.346390648161428, 47.88640446956647], [28.346391178140085, 47.88640311771154], [28.346391691950473, 47.88640170451632], [28.346390648161428, 47.88640446956647]]], [[[28.346371676884573, 47.88645166945213], [28.34637845475726, 47.8864355721654], [28.3463857940196, 47.88641685137752], [28.346371676884573, 47.88645166945213]]], [[[28.34635156861147, 47.88649942612337], [28.34635127535385, 47.88650010187891], [28.34635140806645, 47.88649980741398], [28.34635156861147, 47.88649942612337]]], [[[28.346329980276874, 47.88654635852105], [28.346337084758453, 47.88653158820869], [28.346346695710718, 47.88651026326749], [28.346329980276874, 47.88654635852105]]], [[[28.346283693135263, 47.88663883458471], [28.346290986026478, 47.8866254256444], [28.346303397788894, 47.88660118577005], [28.346283693135263, 47.88663883458471]]], [[[28.346256219225328, 47.88668919599692], [28.34623292840291, 47.88672888651152], [28.346240272884213, 47.886716851759715], [28.346256219225328, 47.88668919599692]]], [[[28.34620429596941, 47.88677580394742], [28.346177809471705, 47.88681630568768], [28.346185071097544, 47.88680563982279], [28.34620429596941, 47.88677580394742]]], [[[28.34611847000162, 47.88690088760778], [28.34614584706309, 47.88686325202441], [28.346146945373853, 47.88686163882725], [28.34611847000162, 47.88690088760778]]], [[[28.34608544245425, 47.88694455511738], [28.34605505367036, 47.88698243305607], [28.34606175997432, 47.88697442811976], [28.34608544245425, 47.88694455511738]]], [[[28.34579562451816, 47.88596011701249], [28.34578904984297, 47.88598701450315], [28.34579483453436, 47.885964275719616], [28.34579562451816, 47.88596011701249]]], [[[28.345777651076183, 47.88603182140347], [28.345779211342204, 47.88602568822385], [28.34577083784543, 47.88605393147342], [28.345777651076183, 47.88603182140347]]], [[[28.345757126253137, 47.88609842787687], [28.345758675530885, 47.88609317742204], [28.345749376923052, 47.88611974180216], [28.345757126253137, 47.88609842787687]]], [[[28.345724723033165, 47.886184326095055], [28.34573331096579, 47.88616392995895], [28.345736074126236, 47.88615633010262], [28.345724723033165, 47.886184326095055]]], [[[28.345706264274963, 47.88622816520757], [28.345708781108296, 47.88622198071664], [28.345696938349676, 47.886247553931156], [28.345706264274963, 47.88622816520757]]], [[[28.345676053254977, 47.886290974322776], [28.34568031486349, 47.88628211438159], [28.34566609172224, 47.886309289911736], [28.345676053254977, 47.886290974322776]]], [[[28.345642752827853, 47.886352201540674], [28.345646415487774, 47.88634527238758], [28.345632258842265, 47.88636939710654], [28.345642752827853, 47.886352201540674]]], [[[28.34559552225146, 47.88642773918464], [28.345606445576962, 47.886411695020904], [28.345612467631373, 47.886401827213064], [28.34559552225146, 47.88642773918464]]], [[[28.345572173473983, 47.886461849650374], [28.34555597125913, 47.886484181831655], [28.345567221542478, 47.886469307222576], [28.345572173473983, 47.886461849650374]]], [[[28.345525177998105, 47.886524895270234], [28.345533181709825, 47.88651431312938], [28.345513701799273, 47.88653859376069], [28.345525177998105, 47.886524895270234]]], [[[28.34510869199739, 47.885825681279044], [28.345109332990713, 47.885822507899334], [28.345100776400542, 47.88585136871078], [28.34510869199739, 47.885825681279044]]], [[[28.345077769181703, 47.88591698273811], [28.34508816717434, 47.885892287752455], [28.34508938740077, 47.88588832791421], [28.345077769181703, 47.88591698273811]]], [[[28.345061120483475, 47.885956523001155], [28.34506307964973, 47.88595187002781], [28.345048490309185, 47.88597974523883], [28.345061120483475, 47.885956523001155]]], [[[28.34503066407323, 47.886012521119724], [28.345013235031303, 47.88603917268148], [28.34502782005634, 47.886017750219075], [28.34503066407323, 47.886012521119724]]], [[[28.344992453895966, 47.88606969598118], [28.344972349928266, 47.88609475446521], [28.344988596021864, 47.88607536242074], [28.344992453895966, 47.88606969598118]]], [[[28.260629981165366, 47.88150251121679], [28.26063049865369, 47.88150165863463], [28.260629981165362, 47.88150251121679], [28.260629981165366, 47.88150251121679]]]]}}, {"type": "Feature", "properties": {"name": "Lunga"}, "geometry": {"type": "MultiPolygon", "coordinates": [[[[28.257971704037658, 47.83740914954415], [28.25796854095253, 47.83740185599436], [28.257950716791665, 47.83740398322886], [28.257971704037658, 47.83740914954415]]], [[[28.2417109370135, 47.891048048107805], [28.24036688116489, 47.89234206200686], [28.23877037758838, 47.89321900110435], [28.2409965832, 47.8911081695], [28.242112920350387, 47.88922520212466], [28.240448245843332, 47.891374115994964], [28.2381631658, 47.8928145416], [28.2404378806, 47.8906848949], [28.24149713121444, 47.888884385175174], [28.239958908847083, 47.890872823915004], [28.239038335584876, 47.891540684757175], [28.238013535014044, 47.8920047779268], [28.2396958271, 47.8904617584], [28.2403970636, 47.8895382976], [28.24087966452952, 47.88854597029561], [28.239465771785344, 47.89037461444971], [28.238618071338365, 47.890974496419204], [28.237655594446817, 47.891384237031765], [28.2394380316, 47.8896973684], [28.24025875744869, 47.888212481693394], [28.23899940062871, 47.88985256493325], [28.238181592622997, 47.89041485149812], [28.23730205196882, 47.89075740122374], [28.2362561397, 47.8917055079], [28.2388038236, 47.8893641997], [28.23963110787776, 47.88789123657537], [28.238486872527904, 47.88937012259154], [28.237784366355477, 47.88983189669433], [28.236964284494157, 47.8901187855197], [28.2382107637, 47.8889761985], [28.2386897535, 47.888282697], [28.23899819984128, 47.88757978772506], [28.23797325172345, 47.88888634458835], [28.23664202090641, 47.88946611574965], [28.2378155914, 47.8883640685], [28.238358163222358, 47.88727919606917], [28.237540176763314, 47.88833639360971], [28.23696895765621, 47.888662010110735], [28.236341292328923, 47.888793924761366], [28.234720162590865, 47.89026345901309], [28.237185460931215, 47.88802306573512], [28.237707310705098, 47.8869950775778], [28.236980300425035, 47.88787779353229], [28.23607602887275, 47.88808958506778], [28.23673396576158, 47.88747520073768], [28.237036763843644, 47.886740954576545], [28.23661865111821, 47.887278452411664], [28.236156019968167, 47.887394120309224], [28.235837182308295, 47.887361298785414], [28.2363375, 47.8867097], [28.2284844, 47.8858719], [28.2330802, 47.8788865], [28.2223167, 47.8757405], [28.2245321, 47.871808], [28.2290725, 47.8731335], [28.2297732, 47.8723532], [28.2304265, 47.8712526], [28.2313711, 47.8715434], [28.2315769, 47.8711912], [28.2325141, 47.8714477], [28.2371339, 47.8660582], [28.2374512, 47.8662478], [28.2385281, 47.864785], [28.2407604, 47.8622936], [28.2419862, 47.8626144], [28.242129, 47.8624072], [28.2440375, 47.8627082], [28.2445774, 47.8619507], [28.2425327, 47.8619983], [28.24201355102738, 47.86171726875172], [28.24371880516727, 47.86194928440498], [28.24415214673712, 47.86139467872126], [28.24458590212423, 47.861251505591966], [28.242702362873697, 47.861294160644576], [28.242361332803466, 47.86102653750954], [28.24340011033454, 47.86119036880996], [28.243932724800203, 47.86070845200279], [28.244592557333313, 47.86055145493065], [28.242943997507968, 47.860588345808246], [28.242865289630803, 47.86039736681872], [28.243121916529486, 47.86043784085409], [28.243816554089438, 47.859993997186585], [28.244599212031574, 47.85985140427231], [28.2434007716, 47.8598775226], [28.243232047304364, 47.85949606966975], [28.244612357360346, 47.859151520361294], [28.2438518385, 47.8591668322], [28.243537644281403, 47.85860960220026], [28.244624682775516, 47.85845162835906], [28.2442743389, 47.8584568069], [28.24379262936704, 47.85782529197787], [28.244644764459352, 47.85775187156339], [28.24403877084249, 47.857081210020944], [28.245115302807047, 47.85708093402029], [28.244304177735547, 47.856358112193725], [28.24546382221794, 47.85642193337361], [28.244577128140865, 47.85565146282523], [28.245676281836865, 47.855747894561176], [28.244844778991116, 47.85495656646908], [28.24601865728894, 47.855101279051794], [28.245107246279428, 47.85426960361065], [28.246368409164127, 47.85446199341761], [28.24536784658583, 47.85358884368869], [28.246709236786607, 47.853813962512305], [28.2455570053, 47.8528651366], [28.247036558841206, 47.853158379515286], [28.24588043456874, 47.85223838854616], [28.24735528703429, 47.85250138364212], [28.24613520972914, 47.85156766349756], [28.247666993179227, 47.85184323331288], [28.2463737118, 47.8508893099], [28.247971634149728, 47.85118392137628], [28.246641289026567, 47.850231661608866], [28.24826989530416, 47.850523560563026], [28.24689442626335, 47.849566276395564], [28.248561882926367, 47.84986216834311], [28.247150894376688, 47.84890292641869], [28.24884980506119, 47.84920010773763], [28.247409296963315, 47.84824075314022], [28.24913238052337, 47.848537168109246], [28.247671697981513, 47.847580560965504], [28.249410591071157, 47.84787351086757], [28.2483400205, 47.8471682795], [28.24832122731543, 47.84698501275143], [28.24968432759128, 47.847209118073714], [28.2489994893, 47.8467521998], [28.24895075442722, 47.84637911492831], [28.2499541009711, 47.84654407371133], [28.2496522143, 47.8463400919], [28.24956239604139, 47.84577027660266], [28.25029236618811, 47.84589028999897], [28.250157854724534, 47.84515877769423], [28.250895768253788, 47.845280097098474], [28.250739378863724, 47.84454498786161], [28.25148483770356, 47.84466754783802], [28.2512108611, 47.8435393403], [28.25130861184671, 47.843929177298016], [28.25206103985872, 47.844052883138474], [28.251875666870678, 47.84331300871233], [28.25262848497983, 47.84343677877735], [28.25243495895444, 47.84269556389872], [28.25319428642825, 47.842820404279784], [28.252983306322175, 47.8420763197688], [28.25375041134942, 47.84220244177561], [28.25352188999195, 47.8414554705448], [28.254297933990014, 47.84158818201821], [28.2540463097, 47.8408201725], [28.254839798628524, 47.84098129114377], [28.25457264620628, 47.84021528152374], [28.25537553041995, 47.84038013326837], [28.255089753891685, 47.839603415863486], [28.255905981750008, 47.83978455139543], [28.255601647464633, 47.83899626684868], [28.256431879254677, 47.83919279042865], [28.25610916174968, 47.83839383645437], [28.256951304300554, 47.83859975737102], [28.256612939039474, 47.83779556686693], [28.25746456245488, 47.83800520630993], [28.257242568179645, 47.837488497623234], [28.2085629, 47.8432982], [28.2076832, 47.8435175], [28.1979705, 47.8488775], [28.1920391, 47.8537939], [28.1907809, 47.8564935], [28.1898527, 47.8617706], [28.1838919, 47.9019163], [28.2092183, 47.9103038], [28.2159988, 47.9123548], [28.247151040094703, 47.91496008826968], [28.24994071161338, 47.91161608123953], [28.24934872436208, 47.91123296089759], [28.249799773670127, 47.910692283600454], [28.249218691421834, 47.91029609130137], [28.249668673299986, 47.90975669354083], [28.249099496220936, 47.9093462303836], [28.249548677813323, 47.90880779193243], [28.2489915460643, 47.90838288990711], [28.24944014985371, 47.907845144070706], [28.24889622792457, 47.907404407381335], [28.249344638830145, 47.906866887747476], [28.248814522378, 47.90640958733944], [28.24925385688442, 47.90586343004955], [28.24873741531978, 47.905387116012975], [28.249159882257292, 47.90482254781129], [28.248656948431307, 47.904322803812605], [28.249061765486918, 47.903734371547515], [28.248571778677046, 47.903205238098614], [28.248958168117724, 47.902585604945685], [28.24848027631741, 47.902018046551476], [28.248847351591078, 47.901355886048755], [28.248577128390593, 47.90100326029059], [28.2479598787, 47.9015187345], [28.248818980789913, 47.90014503908432], [28.248690751113273, 47.8999601072164], [28.247421978361174, 47.90104722590999], [28.2479673232, 47.8999855805], [28.248923929778027, 47.89904186966547], [28.248810115222238, 47.89885962394155], [28.24687890239627, 47.90058229294572], [28.2473889573, 47.8995698296], [28.249036200176093, 47.89786203365314], [28.248937871126948, 47.89768284247301], [28.246335335483693, 47.900116041688165], [28.2468183428, 47.8991439767], [28.248583324, 47.8973117883], [28.249159062748078, 47.8965722454533], [28.249077222698638, 47.89639728696725], [28.24754744130427, 47.8981456157956], [28.2457884726, 47.8996529165], [28.2462625557, 47.8987035768], [28.248610103, 47.8961371147], [28.249298102874977, 47.89511052038231], [28.249234942124183, 47.894939363511405], [28.24745667488889, 47.897235849207696], [28.2452425144, 47.8991841996], [28.2457045274, 47.8982653201], [28.2480667817, 47.8956941331], [28.249412378712854, 47.89344389198585], [28.247154014477502, 47.896530496663296], [28.244695436054336, 47.898713183099176], [28.2451431038, 47.8978313675], [28.2474843684, 47.8953047816], [28.248806062957144, 47.89308951017357], [28.24659657111068, 47.8961034642023], [28.244145270753524, 47.89824305500052], [28.2445828786, 47.8973927859], [28.246893833, 47.8949263526], [28.24819892772542, 47.8927363017629], [28.24603648172782, 47.89567891785281], [28.243593341243823, 47.89777108793168], [28.2440168081, 47.8969625567], [28.2463081917, 47.8945410198], [28.247591696396377, 47.89238323095328], [28.245470140894035, 47.89526062776777], [28.244331899480905, 47.89634476577116], [28.24303832060099, 47.897297797646196], [28.2434523056, 47.896527132], [28.2456821087, 47.894209822], [28.246984464511733, 47.892030160939214], [28.24491910048762, 47.89482521498072], [28.243765452738625, 47.89590512459482], [28.242513670035567, 47.89680133316637], [28.242881472, 47.8961007902], [28.2451041622, 47.8938136934], [28.24637723262044, 47.891677090934664], [28.244351733364077, 47.89440665741443], [28.243234079776943, 47.89543490057498], [28.241992887717853, 47.896299041944864], [28.2423092142, 47.8956733666], [28.2445310805, 47.8934109789], [28.245770000629403, 47.89132402107294], [28.24380475128398, 47.89396589910168], [28.24270724962377, 47.89495929162141], [28.2414618435, 47.8958082756], [28.2417311028, 47.8952534227], [28.2439504647, 47.8930180082], [28.245162768455465, 47.89097095147311], [28.243245674262646, 47.893536957046045], [28.24217043732811, 47.89448950421964], [28.240940778688923, 47.8952892710314], [28.241149832, 47.8948363664], [28.2433685078, 47.8926264567], [28.244555535976794, 47.89061788230963], [28.24265836212699, 47.89313544818463], [28.241593828028563, 47.89404646105372], [28.240408799877013, 47.89477970790046], [28.2405682598, 47.8944125581], [28.2427757133, 47.8922482881], [28.243947450730992, 47.89026603421706], [28.24210571866587, 47.8926976842749], [28.241053573164304, 47.89357244789673], [28.2398710871, 47.8942660814], [28.2399766219, 47.8940043013], [28.2421961218, 47.891852699], [28.243337713732515, 47.88991655125688], [28.241540626330234, 47.8922703653922], [28.240482483544636, 47.89311463397417], [28.239325855942617, 47.89374635236514], [28.2416127567, 47.8914610664], [28.242726097335403, 47.88956975939366], [28.2417109370135, 47.891048048107805]]], [[[28.242726097335403, 47.88956975939366], [28.243126840104054, 47.88899593879979], [28.24312684010405, 47.88899593879979], [28.242726097335403, 47.88956975939366]]], [[[28.247151040094703, 47.91496008826968], [28.248003185924457, 47.91503135394841], [28.250091236673686, 47.91252838681716], [28.24948831363327, 47.912158375203454], [28.247151040094703, 47.91496008826968]]], [[[28.248003185924457, 47.91503135394841], [28.250559623470178, 47.915245150989314], [28.24996008655181, 47.91487108052913], [28.250417502877802, 47.91432277103374], [28.249794608570284, 47.913976699225735], [28.250250194106385, 47.91343058429966], [28.2496372912365, 47.91307253571252], [28.248003185924457, 47.91503135394841]]], [[[28.249510826789617, 47.897270344300445], [28.249508632879614, 47.89726626402312], [28.249510826789614, 47.897270344300445], [28.249510826789617, 47.897270344300445]]], [[[28.24586427326709, 47.855784155277604], [28.2457339418, 47.855758354], [28.245696486520973, 47.85575153478431], [28.24586427326709, 47.855784155277604]]], [[[28.245721920276335, 47.85646952931284], [28.2456041477, 47.8564462204], [28.24557251524362, 47.8564404722926], [28.245721920276335, 47.85646952931284]]], [[[28.245448561540034, 47.8571294130539], [28.2455430612, 47.8571473749], [28.2455017654, 47.8571392682], [28.245479021, 47.8571349495], [28.245448561540034, 47.8571294130539]]], [[[28.24543662518019, 47.85784015796817], [28.2453549355, 47.8578238766], [28.245324612125007, 47.857818354599274], [28.24543662518019, 47.85784015796817]]], [[[28.2452659566, 47.8585196769], [28.245200654942145, 47.858507294724454], [28.245293891270457, 47.85852546128045], [28.2452659566, 47.8585196769]]], [[[28.2452131537495, 47.85709277193786], [28.2452609561, 47.8570991862], [28.2452442664, 47.8570968749], [28.2452254844, 47.8570943634], [28.2452131537495, 47.85709277193786]]], [[[28.245123056356388, 47.85778695087615], [28.2451638865, 47.8577924232], [28.245151372, 47.8577906837], [28.2451346785, 47.8577884486], [28.245123056356388, 47.85778695087615]]], [[[28.24507831624507, 47.859196530758545], [28.245150765128358, 47.8592106875702], [28.245149227620406, 47.859210376703004], [28.24507831624507, 47.859196530758545]]], [[[28.245130574114334, 47.85849533569571], [28.2450417841, 47.8584822574], [28.24503324382802, 47.858481167363294], [28.245130574114334, 47.85849533569571]]], [[[28.245038661924394, 47.85777672798226], [28.2449548166, 47.8577682617], [28.24492049446334, 47.85776539565175], [28.245038661924394, 47.85777672798226]]], [[[28.245018562024452, 47.85918632368272], [28.2449655832, 47.8591783013], [28.244944120434962, 47.859175485960215], [28.245018562024452, 47.85918632368272]]], [[[28.24500766305499, 47.85989595089943], [28.2449640466, 47.8598871506], [28.24495346002493, 47.85988534224518], [28.24500766305499, 47.85989595089943]]], [[[28.2449331116, 47.8584693928], [28.244864154956336, 47.85846313469684], [28.244961390650477, 47.85847245696741], [28.2449331116, 47.8584693928]]], [[[28.244853579272572, 47.859869673042866], [28.24490646906151, 47.8598773153334], [28.2448643495, 47.8598709424], [28.244853579272572, 47.859869673042866]]], [[[28.244807696573563, 47.85916087548122], [28.2448653094, 47.8591661014], [28.2448317904, 47.8591628394], [28.244807696573563, 47.85916087548122]]], [[[28.244827281876738, 47.86057392788174], [28.2448649577779, 47.860581301834976], [28.24484618126652, 47.86057715623776], [28.244827281876738, 47.86057392788174]]], [[[28.2448036813, 47.8577573685], [28.24471605404826, 47.8577536612576], [28.24483411759777, 47.857759164830405], [28.2448036813, 47.8577573685]]], [[[28.24474942213792, 47.85985848348844], [28.244804502233972, 47.85986366106084], [28.2447639882, 47.859859548], [28.24474942213792, 47.85985848348844]]], [[[28.244779807445852, 47.86056581839427], [28.244767153236047, 47.86056445473911], [28.24479746514621, 47.86056883464738], [28.244779807445852, 47.86056581839427]]], [[[28.2447652621, 47.8584563134], [28.244693992859855, 47.85845332702135], [28.244791106843024, 47.85845784304611], [28.2447652621, 47.8584563134]]], [[[28.244735175640653, 47.85915580010077], [28.244670684607108, 47.85915296393664], [28.244748689953134, 47.859156563026964], [28.244735175640653, 47.85915580010077]]], [[[28.244691148402076, 47.860556091561435], [28.244729460285093, 47.86055969290861], [28.244712965128905, 47.86055768602597], [28.244691148402076, 47.860556091561435]]], [[[28.244695265381488, 47.86126069438274], [28.244686131039447, 47.86125958305332], [28.244722252520628, 47.86126665277441], [28.244695265381488, 47.86126069438274]]], [[[28.24465010203421, 47.85985273534827], [28.244702000252428, 47.859855017709975], [28.244663195, 47.8598529939], [28.24465010203421, 47.85985273534827]]], [[[28.244645809030025, 47.86055277795617], [28.244631826092892, 47.860552608200145], [28.244661103736615, 47.86055389576213], [28.244645809030025, 47.86055277795617]]], [[[28.244628423064512, 47.861252562014435], [28.24461802388554, 47.86125230364935], [28.244654419350418, 47.86125572485171], [28.244628423064512, 47.861252562014435]]], [[[28.23792058343228, 47.88667025234283], [28.238098759299003, 47.88641512364269], [28.238098759299, 47.88641512364269], [28.23792058343228, 47.88667025234283]]]]}}, {"type": "Feature", "properties": {"name": "Florești Metropole"}, "geometry": {"type": "MultiPolygon", "coordinates": [[[[28.257950716791665, 47.83740398322886], [28.257971704037658, 47.83740914954415], [28.25796854095253, 47.83740185599436], [28.257950716791665, 47.83740398322886]]], [[[28.2085629, 47.8432982], [28.2076832, 47.8435175], [28.1979705, 47.8488775], [28.1920391, 47.8537939], [28.1907809, 47.8564935], [28.1898527, 47.8617706], [28.1838919, 47.9019163], [28.2092183, 47.9103038], [28.2159988, 47.9123548], [28.247151040094703, 47.91496008826968], [28.248003185924457, 47.91503135394841], [28.250559623470178, 47.915245150989314], [28.3205033, 47.9210946], [28.3207699, 47.9210122], [28.355908831755208, 47.88831625201608], [28.3680963, 47.8769761], [28.3727483, 47.8715633], [28.3731823, 47.8705927], [28.3732518, 47.8700099], [28.3730117, 47.8692074], [28.3682738, 47.8645645], [28.3178598, 47.8302541], [28.258407288747524, 47.83734949339201], [28.257971704037658, 47.83740914954415], [28.25809449322495, 47.83743937588525], [28.257242568179645, 47.837488497623234], [28.2085629, 47.8432982]], [[28.24996008655181, 47.91487108052913], [28.250417502877802, 47.91432277103374], [28.25043722095452, 47.914333374751436], [28.24996008655181, 47.91487108052913]], [[28.24934872436208, 47.91123296089759], [28.249799773670127, 47.910692283600454], [28.249817838032087, 47.910704253519626], [28.24934872436208, 47.91123296089759]], [[28.2489915460643, 47.90838288990711], [28.24944014985371, 47.907845144070706], [28.249445741099937, 47.90784953443559], [28.2489915460643, 47.90838288990711]], [[28.24889622792457, 47.907404407381335], [28.249344638830145, 47.906866887747476], [28.249356911716287, 47.90687712825174], [28.24889622792457, 47.907404407381335]], [[28.248814522378, 47.90640958733944], [28.24925385688442, 47.90586343004955], [28.249257288094437, 47.9058665003812], [28.248814522378, 47.90640958733944]], [[28.248656948431307, 47.904322803812605], [28.249061765486918, 47.903734371547515], [28.249066428502534, 47.903739235043204], [28.248656948431307, 47.904322803812605]], [[28.248847351591078, 47.901355886048755], [28.24857745168953, 47.901003682177134], [28.2484893809308, 47.900880571175634], [28.248847351591078, 47.901355886048755]], [[28.248541941854754, 47.89973408353666], [28.248818980789913, 47.90014503908432], [28.248690751113273, 47.8999601072164], [28.248541941854754, 47.89973408353666]], [[28.24882033120423, 47.90014695939149], [28.248804756672328, 47.90016778330221], [28.248818980789913, 47.90014503908432], [28.24882033120423, 47.90014695939149]], [[28.248422076670476, 47.899554331360356], [28.2479673232, 47.8999855805], [28.248923929778027, 47.89904186966547], [28.248422076670476, 47.899554331360356]], [[28.248810115222238, 47.89885962394155], [28.248547195106976, 47.89841874918811], [28.248923929778027, 47.89904186966547], [28.248810115222238, 47.89885962394155]], [[28.2473889573, 47.8995698296], [28.249036200176093, 47.89786203365314], [28.249038004853272, 47.8978652739166], [28.248547195106976, 47.89841874918811], [28.2473889573, 47.8995698296]], [[28.248937871126948, 47.89768284247301], [28.248837355160834, 47.89748575120044], [28.249036200176093, 47.89786203365314], [28.248937871126948, 47.89768284247301]], [[28.249159062748078, 47.8965722454533], [28.249077222698638, 47.89639728696725], [28.24882947980645, 47.895828817256294], [28.2491868988213, 47.8966307109889], [28.2486851928, 47.8971873919], [28.248657891538404, 47.897216005464806], [28.249159062748078, 47.8965722454533]], [[28.248743654301094, 47.89593783703759], [28.249298102874977, 47.89511052038231], [28.24929959052351, 47.895114476695156], [28.24882947980645, 47.895828817256294], [28.248743654301094, 47.89593783703759]], [[28.249236150991518, 47.89494263937415], [28.24905525791266, 47.894402247972266], [28.249298102874977, 47.89511052038231], [28.249236150991518, 47.89494263937415]], [[28.24899169811215, 47.89401885446954], [28.249475287279086, 47.893353813677116], [28.24947679421618, 47.89335968947401], [28.248999486084465, 47.89423616841782], [28.248494928051805, 47.89497814420102], [28.249412378712854, 47.89344389198585], [28.24899169811215, 47.89401885446954]], [[28.249280767331822, 47.89251880246008], [28.249284872478857, 47.892516084569756], [28.249475287279086, 47.893353813677116], [28.249280767331822, 47.89251880246008]], [[28.258427037633716, 47.88117376319658], [28.25734589751765, 47.88190863246046], [28.25843012790041, 47.88116724821408], [28.259519344327227, 47.87944168041438], [28.258427037633716, 47.88117376319658]], [[28.28514135850509, 47.87760915303341], [28.2856189, 47.8777202], [28.2867462, 47.8783521], [28.28514135850509, 47.87760915303341]], [[28.3346518, 47.884064], [28.33757, 47.885085], [28.3361808, 47.8847024], [28.3346518, 47.884064]], [[28.3444303, 47.8856531], [28.344534509148097, 47.884961271975925], [28.34454251977037, 47.88496610638486], [28.3444303, 47.8856531]], [[28.34511726076498, 47.885783259693355], [28.3453029985252, 47.88455900619721], [28.345122491476623, 47.88575736389448], [28.34511726076498, 47.885783259693355]], [[28.345808634013604, 47.88589595833499], [28.345803962105258, 47.88591908765412], [28.346047679439316, 47.88431480103222], [28.345814682953247, 47.885861627788955], [28.345808634013604, 47.88589595833499]], [[28.34650687442987, 47.88596589168343], [28.346498014757348, 47.88601742516238], [28.34649066344546, 47.88605491561528], [28.346764230246563, 47.88410773157064], [28.34674167442987, 47.884407091683435], [28.34650687442987, 47.88596589168343]], [[28.347199065906494, 47.88607015557791], [28.34718739550109, 47.886138891989766], [28.34718259150589, 47.886164593489376], [28.347177364785665, 47.88619074357644], [28.34745756500638, 47.88389777891682], [28.34744293634428, 47.88444245255527], [28.347199065906494, 47.88607015557791]], [[28.347891257383118, 47.88617441947239], [28.347876776244835, 47.886260358817154], [28.3478704064612, 47.88629463420321], [28.347864066125886, 47.8863265715375], [28.348140780267332, 47.883687030855505], [28.34814289589966, 47.88448202709974], [28.347891257383118, 47.88617441947239]], [[28.348583120957723, 47.8862808374884], [28.34856577555157, 47.88638397093354], [28.34855781329851, 47.886426815291195], [28.348550767466076, 47.88646239949874], [28.348860562650692, 47.88391641915217], [28.348832862083768, 47.88461008823531], [28.348583120957723, 47.8862808374884]], [[28.34927498453233, 47.88638725550441], [28.34926581699934, 47.88644426394981], [28.349254966411472, 47.88650651055419], [28.349245425027473, 47.88655792635172], [28.3492374688063, 47.886598227459785], [28.34955750494052, 47.8843512940696], [28.349514043218264, 47.88479943085204], [28.34927498453233, 47.88638725550441]], [[28.349956392099738, 47.88655875070734], [28.34994453870838, 47.88662690488585], [28.349933444874438, 47.886686897038096], [28.34992417014647, 47.886734055421115], [28.350223988121108, 47.88476769670677], [28.349967095499846, 47.88649205815505], [28.349956392099738, 47.88655875070734]], [[28.350646418172662, 47.88667651467047], [28.35063314102637, 47.88675275174205], [28.350621046398338, 47.88681806160775], [28.3506108676107, 47.886869902571135], [28.350873622451154, 47.88517342375478], [28.35065754141193, 47.886607682597734], [28.350646418172662, 47.88667651467047]], [[28.35133606023912, 47.88679655046109], [28.351322210610792, 47.88687597149625], [28.351309131877493, 47.886946681062724], [28.351297563276148, 47.88700575862642], [28.35152069580448, 47.88557721907649], [28.35134862455686, 47.88671912252613], [28.35133606023912, 47.88679655046109]], [[28.352025750369226, 47.88691628398256], [28.352010738548287, 47.88700221838915], [28.351996808415244, 47.8870774517759], [28.35198427885425, 47.887141511502165], [28.35216776905351, 47.88598101447023], [28.352038009418592, 47.88684135075823], [28.352025750369226, 47.88691628398256]], [[28.352713249801706, 47.8870488770907], [28.352698399567522, 47.887133280519], [28.352683798621644, 47.887211829629734], [28.352671046283604, 47.88727699796417], [28.352814995126888, 47.88638379505131], [28.352726327740342, 47.88697006005847], [28.352713249801706, 47.8870488770907]], [[28.353426094106222, 47.88702623062249], [28.353409545033, 47.88712950078926], [28.353398482037953, 47.88719428662026], [28.353382767525332, 47.88728234656163], [28.35337031329499, 47.88734868328328], [28.35335782742195, 47.88741241318329], [28.35346396479012, 47.88677499975465], [28.353426094106222, 47.88702623062249]], [[28.35335671554347, 47.887418155625106], [28.353528229070367, 47.885817533501786], [28.35335782742195, 47.88741241318329], [28.35335671554347, 47.887418155625106]], [[28.354079514311184, 47.88736309548876], [28.35406394937599, 47.8874480310893], [28.354044636456052, 47.887547684108526], [28.354114538398328, 47.887154698365784], [28.354097793225435, 47.88725790110198], [28.354079514311184, 47.88736309548876]], [[28.35473101674988, 47.88768516909322], [28.354731456559264, 47.88768289768969], [28.35505753429482, 47.8872662216526], [28.35473101674988, 47.88768516909322]], [[28.256951304300554, 47.83859975737102], [28.258485827429737, 47.83897750247548], [28.25610916174968, 47.83839383645437], [28.256951304300554, 47.83859975737102]], [[28.26013420942168, 47.878142372791174], [28.260135630138567, 47.878141274708916], [28.26018968430836, 47.87896615184439], [28.26013420942168, 47.878142372791174]], [[28.261403339305637, 47.874683440795124], [28.262051667402357, 47.87359656672831], [28.26144316679899, 47.87463048404816], [28.261391569242775, 47.875801586589525], [28.261403339305637, 47.874683440795124]], [[28.26188106923601, 47.871262762974496], [28.261820687766566, 47.871819054411674], [28.26184080564662, 47.869722040652476], [28.262051667402357, 47.87359656672831], [28.26188106923601, 47.871262762974496]], [[28.262475166018934, 47.862013999031944], [28.262081608753725, 47.862669324339926], [28.262080855143953, 47.86266819206411], [28.262475166018934, 47.862013999031944]], [[28.26196527662027, 47.86141393790304], [28.262374060106602, 47.86083106070473], [28.261998238697718, 47.861448511586715], [28.262475166018934, 47.862013999031944], [28.26196527662027, 47.86141393790304]], [[28.261684371381875, 47.85936048033259], [28.262246391915884, 47.859778525830976], [28.26104234633213, 47.858898891775276], [28.261684371381875, 47.85936048033259]], [[28.261329846344196, 47.85740852506864], [28.261910854213667, 47.857799037161406], [28.259547759281734, 47.85629125647184], [28.261329846344196, 47.85740852506864]], [[28.261252293546214, 47.853230716471245], [28.260718561437837, 47.85372790800888], [28.260717110784796, 47.85372706248527], [28.261252293546214, 47.853230716471245]], [[28.261037832266567, 47.85073193290336], [28.26039973242507, 47.85120861033085], [28.260393254546866, 47.85120573611236], [28.261037832266567, 47.85073193290336]], [[28.260818695121507, 47.8483504633152], [28.26009807055999, 47.848829117916296], [28.26009662099106, 47.848828601090524], [28.260818695121507, 47.8483504633152]], [[28.259998240846638, 47.848054757168164], [28.25999752977538, 47.84805452065275], [28.260730407571234, 47.847568981255655], [28.259998240846638, 47.848054757168164]], [[28.25989139801103, 47.847285586054], [28.259889902076704, 47.847285124342335], [28.260635107433053, 47.84679215184502], [28.25989139801103, 47.847285586054]], [[28.259402818757216, 47.844249511725415], [28.26030911139992, 47.84448826619638], [28.255180969776195, 47.84321024303411], [28.259402818757216, 47.844249511725415]], [[28.25927181983817, 47.84349636765167], [28.2601889293706, 47.843727945389915], [28.255348289837976, 47.842530534275205], [28.25927181983817, 47.84349636765167]], [[28.259140820941035, 47.84274322356338], [28.26006350642355, 47.84297110178682], [28.255515609929457, 47.841850825523615], [28.259140820941035, 47.84274322356338]], [[28.24796482876851, 47.90151081939131], [28.248437591960112, 47.901119789196606], [28.2479598787, 47.9015187345], [28.24796482876851, 47.90151081939131]], [[28.24754744130427, 47.8981456157956], [28.2457884726, 47.8996529165], [28.245790331888863, 47.89964935530061], [28.247657460290984, 47.898019879290466], [28.24754744130427, 47.8981456157956]], [[28.2462625557, 47.8987035768], [28.248442674832287, 47.89632015597329], [28.2476700717, 47.8973015545], [28.2462625557, 47.8987035768]], [[28.247656583851455, 47.8969776832448], [28.24745667488889, 47.897235849207696], [28.247403242770858, 47.89728286679683], [28.247656583851455, 47.8969776832448]], [[28.24524366489743, 47.89918193606962], [28.24536654345652, 47.89907506023899], [28.2452425144, 47.8991841996], [28.24524366489743, 47.89918193606962]], [[28.2457045274, 47.8982653201], [28.247840715005985, 47.8959401945612], [28.247564163, 47.896346877], [28.2457045274, 47.8982653201]], [[28.244612357360346, 47.859151520361294], [28.2438518385, 47.8591668322], [28.2445122345, 47.8591514584], [28.2445459134, 47.8591510796], [28.244612357360346, 47.859151520361294]], [[28.244599212031574, 47.85985140427231], [28.2434007716, 47.8598775226], [28.2445285259, 47.8598512688], [28.244599212031574, 47.85985140427231]], [[28.244544817249597, 47.860551079206935], [28.24459255733328, 47.86055145493065], [28.242943997507968, 47.860588345808246], [28.244544817249597, 47.860551079206935]], [[28.244561108624797, 47.86125088960347], [28.244585902124037, 47.861251505591966], [28.242702362873697, 47.861294160644576], [28.244561108624797, 47.86125088960347]], [[28.237274778592425, 47.88791963462702], [28.23720460087857, 47.887985362088976], [28.237707310705098, 47.8869950775778], [28.237274778592425, 47.88791963462702]], [[28.23634129232892, 47.888793924761366], [28.234720162590865, 47.89026345901309], [28.236474408015916, 47.888669250477], [28.23634129232892, 47.888793924761366]], [[28.23748286631896, 47.88836906273112], [28.23696895765621, 47.888662010110735], [28.23634129232892, 47.888793924761366], [28.23748286631896, 47.88836906273112]], [[28.238358163222358, 47.88727919606918], [28.237540176763314, 47.88833639360971], [28.23752128069054, 47.88834716508606], [28.238358163222358, 47.88727919606918]], [[28.237979214791466, 47.88887874314267], [28.23797325172345, 47.88888634458835], [28.23664202090641, 47.88946611574965], [28.237979214791466, 47.88887874314267]], [[28.23899819984128, 47.88757978772506], [28.238246280684137, 47.888538299788564], [28.239079866864582, 47.88745540468563], [28.238925253094155, 47.887746023916804], [28.23899819984128, 47.88757978772506]], [[28.238367094, 47.8887951657], [28.238277247844422, 47.888879939970316], [28.238472022845798, 47.88859793656311], [28.238367094, 47.8887951657]], [[28.238488764171677, 47.88936767770507], [28.238486872527904, 47.88937012259154], [28.237784366355477, 47.88983189669433], [28.238488764171677, 47.88936767770507]], [[28.239239204, 47.8887423956], [28.23887454313428, 47.88923828498243], [28.23963110787776, 47.88789123657537], [28.238861387835396, 47.88888607405103], [28.239659508580722, 47.887847980857046], [28.239239204, 47.8887423956]], [[28.2362561397, 47.8917055079], [28.23873635303972, 47.889426204792564], [28.2386940172, 47.8894837758], [28.23730205196881, 47.89075740122374], [28.2362561397, 47.8917055079]], [[28.23831990440138, 47.89031975478324], [28.238181592622997, 47.89041485149812], [28.238177627719267, 47.890416395686756], [28.23831990440138, 47.89031975478324]], [[28.24025875744869, 47.888212481693394], [28.23899940062871, 47.88985256493325], [28.23897883895306, 47.889866702180484], [28.24025875744869, 47.888212481693394]], [[28.2399313477, 47.8901995732], [28.239803631777097, 47.8903197900436], [28.24004374317143, 47.89000358650841], [28.2399313477, 47.8901995732]], [[28.2404605695, 47.8906579564], [28.240445227887868, 47.89067240601108], [28.241497131214437, 47.88888438517518], [28.2404605695, 47.8906579564]], [[28.2381631658, 47.8928145416], [28.239449034087983, 47.891610678524], [28.23837942262426, 47.892618100007695], [28.238828179137446, 47.892395343050815], [28.2381631658, 47.8928145416]], [[28.240537536777005, 47.891258851103814], [28.240448245843332, 47.891374115994964], [28.24022431302187, 47.89151527453809], [28.240537536777005, 47.891258851103814]], [[28.2410991443, 47.890982835], [28.241033543396444, 47.89104582736253], [28.242112920350387, 47.88922520212466], [28.24170072545937, 47.88975730093126], [28.243117897752775, 47.88778618244676], [28.2410991443, 47.890982835]], [[28.240643332913464, 47.89207590312258], [28.24036688116489, 47.89234206200686], [28.240232046233242, 47.892416125118906], [28.240643332913464, 47.89207590312258]], [[28.243691797503082, 47.8881869804964], [28.2416522948, 47.8914119194], [28.241627798581217, 47.89143551373945], [28.242726097335403, 47.88956975939366], [28.2417109370135, 47.891048048107805], [28.24143682334018, 47.891311955968156], [28.243691797503082, 47.8881869804964]], [[28.241266116730532, 47.89248939049319], [28.240482483544636, 47.89311463397417], [28.240344194501542, 47.89319016367071], [28.241266116730532, 47.89248939049319]], [[28.241582493700037, 47.892215527766204], [28.241540626330234, 47.8922703653922], [28.24151108073072, 47.89229393916858], [28.241582493700037, 47.892215527766204]], [[28.241053573164304, 47.89357244789673], [28.23987129833081, 47.894265585823206], [28.241117877676157, 47.89351898452346], [28.241053573164304, 47.89357244789673]], [[28.242176721311907, 47.89260393904908], [28.24210571866587, 47.8926976842749], [28.241476074875354, 47.893221176018045], [28.242176721311907, 47.89260393904908]], [[28.2428359349, 47.8921707531], [28.242801313711613, 47.892204979322806], [28.243947450730992, 47.89026603421706], [28.243355297593926, 47.891047857608896], [28.2448395970037, 47.88898857659568], [28.2428359349, 47.8921707531]], [[28.24167180879909, 47.89397972623931], [28.241593828028563, 47.89404646105372], [28.240408799877013, 47.89477970790046], [28.24167180879909, 47.89397972623931]], [[28.242731799084876, 47.89303799671535], [28.24265836212699, 47.89313544818463], [28.24206778704927, 47.89364085378579], [28.242731799084876, 47.89303799671535]], [[28.244555535976794, 47.89061788230963], [28.243992723146913, 47.891364739733724], [28.24541349675401, 47.88938937464532], [28.243471075173787, 47.89245290210012], [28.244555535976794, 47.89061788230963]], [[28.243328567, 47.8926776616], [28.241149832, 47.8948363664], [28.243348221982693, 47.89264666236702], [28.243328567, 47.8926776616]], [[28.242881448366663, 47.8938596229968], [28.24217043732811, 47.89448950421964], [28.240940778688923, 47.8952892710314], [28.242881448366663, 47.8938596229968]], [[28.243368226628224, 47.893372922303136], [28.243245674262646, 47.893536957046045], [28.24313385566026, 47.89363601660235], [28.243368226628224, 47.893372922303136]], [[28.2439471989, 47.8930222766], [28.2417311028, 47.8952534227], [28.24394863791958, 47.89301984819349], [28.2439471989, 47.8930222766]], [[28.24270724962377, 47.89495929162141], [28.2414618435, 47.8958082756], [28.241468402152922, 47.89579572756974], [28.242752934563075, 47.89491794036098], [28.24270724962377, 47.89495929162141]], [[28.243863619007694, 47.893886763420376], [28.24380475128398, 47.89396589910168], [28.243103115178794, 47.8946009779209], [28.243863619007694, 47.893886763420376]], [[28.2445671481, 47.8933630868], [28.24454769641179, 47.89338298943858], [28.245770000629403, 47.89132402107294], [28.24506675430686, 47.89226939271886], [28.246561296254633, 47.8901909707446], [28.2445671481, 47.8933630868]], [[28.243277671507773, 47.89539479611006], [28.243234079776943, 47.89543490057498], [28.241992887717853, 47.896299041944864], [28.243277671507773, 47.89539479611006]], [[28.244411433953022, 47.89432620479224], [28.244351733364077, 47.89440665741443], [28.243614977257405, 47.89508447425894], [28.244411433953022, 47.89432620479224]], [[28.2451386593, 47.8937676571], [28.245120261379924, 47.89378667404038], [28.24637723262044, 47.891677090934664], [28.245662867315062, 47.89263977091874], [28.247135196004944, 47.89059176879424], [28.2451386593, 47.8937676571]], [[28.243822187168664, 47.895852016480575], [28.243765452738625, 47.89590512459482], [28.242513670035567, 47.89680133316637], [28.243822187168664, 47.895852016480575]], [[28.2449670259934, 47.89476035746551], [28.24491910048762, 47.89482521498072], [28.244295516877056, 47.895408940764284], [28.2449670259934, 47.89476035746551]], [[28.2457503964, 47.8941180277], [28.245714424557853, 47.8941557372281], [28.246984464511733, 47.892030160939214], [28.24615983972311, 47.893146124431006], [28.247666382046937, 47.89105372828556], [28.2457503964, 47.8941180277]], [[28.244375825837086, 47.89630292734257], [28.244331899480905, 47.89634476577116], [28.24303832060099, 47.897297797646196], [28.244375825837086, 47.89630292734257]], [[28.245525303628103, 47.89518581234337], [28.245470140894035, 47.89526062776777], [28.244750210701323, 47.89594633791037], [28.245525303628103, 47.89518581234337]], [[28.247591696396377, 47.89238323095328], [28.246901978436703, 47.89331867301825], [28.248155854478174, 47.891575417186296], [28.24645494703408, 47.894294299220036], [28.247591696396377, 47.89238323095328]], [[28.2462601907, 47.8946056151], [28.2440168081, 47.8969625567], [28.246285791762165, 47.89456469208081], [28.2462601907, 47.8946056151]], [[28.24819892772541, 47.892736301762916], [28.24603648172782, 47.89567891785281], [28.245994234407448, 47.895715096116064], [28.24819892772541, 47.892736301762916]], [[28.246840121306086, 47.895771238901794], [28.24659657111068, 47.8961034642023], [28.24624573612856, 47.89640968669243], [28.246840121306086, 47.895771238901794]], [[28.24748970818593, 47.89529583166892], [28.248806062957144, 47.89308951017357], [28.2491409717947, 47.89260995669664], [28.2474953055, 47.8952897837], [28.24748970818593, 47.89529583166892]], [[28.24718269237173, 47.89649130133728], [28.247154014477502, 47.896530496663296], [28.244695436054336, 47.898713183099176], [28.24718269237173, 47.89649130133728]], [[28.255601647464633, 47.83899626684868], [28.255915545620166, 47.8397868555712], [28.255905981750008, 47.83978455139543], [28.255601647464633, 47.83899626684868]], [[28.254307500784737, 47.84158996613029], [28.254297933990014, 47.84158818201821], [28.25405086364974, 47.84083324396277], [28.254307500784737, 47.84158996613029]], [[28.2540463097, 47.8408201725], [28.254839798628524, 47.84098129114377], [28.25405086364974, 47.84083324396277], [28.2540463097, 47.8408201725]], [[28.25457264620628, 47.84021528152374], [28.254866538664114, 47.8409867740584], [28.254839798628524, 47.84098129114377], [28.25457264620628, 47.84021528152374]], [[28.25352188999195, 47.8414554705448], [28.253751921081054, 47.84220269133911], [28.25375041134942, 47.84220244177561], [28.25352188999195, 47.8414554705448]], [[28.25148483770356, 47.844667547838014], [28.2512108611, 47.8435393403], [28.251308611846706, 47.843929177298016], [28.25148483770356, 47.844667547838014]], [[28.247800766004943, 47.8476088419468], [28.247671697981513, 47.847580560965504], [28.249410591071157, 47.84787351086757], [28.247800766004943, 47.8476088419468]], [[28.2463737118, 47.8508893099], [28.247971634149728, 47.85118392137628], [28.246388735666834, 47.8508987592898], [28.247666993179227, 47.85184323331288], [28.2463737118, 47.8508893099]], [[28.24699197831834, 47.851732255230175], [28.246135209729136, 47.85156766349756], [28.247666993179227, 47.85184323331288], [28.24699197831834, 47.851732255230175]], [[28.24685484786951, 47.85241910729604], [28.245880434568736, 47.85223838854616], [28.24735528703429, 47.85250138364212], [28.24685484786951, 47.85241910729604]], [[28.245624328614433, 47.852911745596835], [28.246709236786604, 47.853813962512305], [28.2455570053, 47.8528651366], [28.247036558841206, 47.853158379515286], [28.24671668876941, 47.8531057902447], [28.245624328614433, 47.852911745596835]], [[28.24536784658583, 47.85358884368869], [28.2463727492431, 47.854463020761926], [28.246368409164127, 47.85446199341761], [28.24536784658583, 47.85358884368869]], [[28.24601865728894, 47.855101279051794], [28.245107246279428, 47.85426960361065], [28.24603460335933, 47.8551046073055], [28.244844778991112, 47.85495656646908], [28.24601865728894, 47.855101279051794]], [[28.244644764459352, 47.85775187156339], [28.244038770842486, 47.857081210020944], [28.244674856907796, 47.85775244523433], [28.24379262936704, 47.85782529197787], [28.244644764459352, 47.85775187156339]], [[28.2445801394, 47.8584511062], [28.2445969744, 47.8584512206], [28.24462468277538, 47.85845162835906], [28.2442743389, 47.8584568069], [28.2445085728, 47.8584514173], [28.2445801394, 47.8584511062]], [[28.352646149578383, 47.890994236767334], [28.35258496542229, 47.89108712963936], [28.352702991417203, 47.89090577954756], [28.352646149578383, 47.890994236767334]], [[28.352083759454167, 47.89177291880107], [28.35202393749161, 47.89184696419764], [28.352150628622955, 47.891688366345015], [28.352083759454167, 47.89177291880107]], [[28.352059163128093, 47.89061286174564], [28.352001889141558, 47.89069980283826], [28.35211468151839, 47.89052642883228], [28.352059163128093, 47.89061286174564]], [[28.351809903329396, 47.89097663348072], [28.35174837847922, 47.891060862849635], [28.351869441644606, 47.89089315961981], [28.351809903329396, 47.89097663348072]], [[28.351536431925464, 47.89133653298975], [28.351481236818078, 47.89140483664615], [28.35160671472988, 47.89124757270548], [28.351536431925464, 47.89133653298975]]]]}}]}